name,price,description,categories,url,image_urls,local_images
Haut (Beige),CHF45.00,Haut long en Jersey beige / Doux.,"Hauts/Tops, Vêtements",https://www.oprocaccini.com/produit/haut-beige-2/,https://www.oprocaccini.com/wp-content/uploads/2021/09/P1000328-scaled.jpg; https://www.oprocaccini.com/wp-content/uploads/2021/09/P1000333-scaled.jpg,oprocaccini_export\images\haut-beige\haut-beige_1.jpg; oprocaccini_export\images\haut-beige\haut-beige_2.jpg
Haut (Bleu turquoise),CHF45.00,Haut long en velours bleu turquoise.,"Hauts/Tops, Vêtements",https://www.oprocaccini.com/produit/haut-bleu-turquoise/,https://www.oprocaccini.com/wp-content/uploads/2021/09/P1000283-scaled.jpg; https://www.oprocaccini.com/wp-content/uploads/2021/09/P1000286-scaled.jpg; https://www.oprocaccini.com/wp-content/uploads/2021/09/P1000282-scaled.jpg,oprocaccini_export\images\haut-bleu-turquoise\haut-bleu-turquoise_1.jpg; oprocaccini_export\images\haut-bleu-turquoise\haut-bleu-turquoise_2.jpg; oprocaccini_export\images\haut-bleu-turquoise\haut-bleu-turquoise_3.jpg
Haut (Bleu),CHF39.90,Haut en viscose.,"Hauts/Tops, Vêtements",https://www.oprocaccini.com/produit/haut-bleu/,https://www.oprocaccini.com/wp-content/uploads/2021/10/P1000351-scaled.jpg; https://www.oprocaccini.com/wp-content/uploads/2021/10/P1000347-scaled.jpg,oprocaccini_export\images\haut-bleu\haut-bleu_1.jpg; oprocaccini_export\images\haut-bleu\haut-bleu_2.jpg
Haut (Gris),CHF45.00,Haut long en Jersey gris.,"Hauts/Tops, Vêtements",https://www.oprocaccini.com/produit/haut-gris-2/,https://www.oprocaccini.com/wp-content/uploads/2021/09/P1000301-scaled.jpg; https://www.oprocaccini.com/wp-content/uploads/2021/09/P1000302-scaled.jpg; https://www.oprocaccini.com/wp-content/uploads/2021/09/P1000304-scaled.jpg,oprocaccini_export\images\haut-gris\haut-gris_1.jpg; oprocaccini_export\images\haut-gris\haut-gris_2.jpg; oprocaccini_export\images\haut-gris\haut-gris_3.jpg
Haut (Gris),CHF49.90,Haut long dans le dos et cours devant en Jersey gris.,"Hauts/Tops, Vêtements",https://www.oprocaccini.com/produit/haut-gris-4/,https://www.oprocaccini.com/wp-content/uploads/2023/07/P1010461-scaled.jpg; https://www.oprocaccini.com/wp-content/uploads/2023/07/P1010459-scaled.jpg; https://www.oprocaccini.com/wp-content/uploads/2023/07/P1010460-scaled.jpg,oprocaccini_export\images\haut-gris\haut-gris_1.jpg; oprocaccini_export\images\haut-gris\haut-gris_2.jpg; oprocaccini_export\images\haut-gris\haut-gris_3.jpg
Haut (Noir),CHF49.90,Haut long dans le dos et cours devant en Jersey gris.,"Hauts/Tops, Vêtements",https://www.oprocaccini.com/produit/haut-noir/,https://www.oprocaccini.com/wp-content/uploads/2023/07/P1010452-scaled.jpg; https://www.oprocaccini.com/wp-content/uploads/2023/07/P1010456-scaled.jpg; https://www.oprocaccini.com/wp-content/uploads/2023/07/P1010458-scaled.jpg,oprocaccini_export\images\haut-noir\haut-noir_1.jpg; oprocaccini_export\images\haut-noir\haut-noir_2.jpg; oprocaccini_export\images\haut-noir\haut-noir_3.jpg
Haut (Prune),CHF45.00,Haut long en Jersey.,"Hauts/Tops, Vêtements",https://www.oprocaccini.com/produit/haut-prune/,https://www.oprocaccini.com/wp-content/uploads/2021/09/P1000312-scaled.jpg; https://www.oprocaccini.com/wp-content/uploads/2021/09/P1000317-scaled.jpg; https://www.oprocaccini.com/wp-content/uploads/2021/09/P1000313-scaled.jpg,oprocaccini_export\images\haut-prune\haut-prune_1.jpg; oprocaccini_export\images\haut-prune\haut-prune_2.jpg; oprocaccini_export\images\haut-prune\haut-prune_3.jpg
Haut (Rose),CHF45.00,Haut long en Jersey velours rose.,"Hauts/Tops, Vêtements",https://www.oprocaccini.com/produit/haut-rose/,https://www.oprocaccini.com/wp-content/uploads/2021/09/P1000294-scaled.jpg; https://www.oprocaccini.com/wp-content/uploads/2021/09/P1000298-scaled.jpg,oprocaccini_export\images\haut-rose\haut-rose_1.jpg; oprocaccini_export\images\haut-rose\haut-rose_2.jpg
Haut beige,CHF29.90,Haut beige avec fronce sur les côtés.,"Hauts/Tops, Vêtements",https://www.oprocaccini.com/produit/haut-beige/,https://www.oprocaccini.com/wp-content/uploads/2021/09/P1000387-scaled.jpg; https://www.oprocaccini.com/wp-content/uploads/2021/09/P1000389-scaled.jpg; https://www.oprocaccini.com/wp-content/uploads/2021/09/P1000386-scaled.jpg; https://www.oprocaccini.com/wp-content/uploads/2021/09/P1000384-scaled.jpg,oprocaccini_export\images\haut-beige\haut-beige_1.jpg; oprocaccini_export\images\haut-beige\haut-beige_2.jpg; oprocaccini_export\images\haut-beige\haut-beige_3.jpg; oprocaccini_export\images\haut-beige\haut-beige_4.jpg
Haut bleu,CHF49.90,Haut fleurie.,"Hauts/Tops, Vêtements",https://www.oprocaccini.com/produit/haut-bleu-2/,https://www.oprocaccini.com/wp-content/uploads/2024/09/P1010566-scaled.jpg; https://www.oprocaccini.com/wp-content/uploads/2024/09/P1010567-scaled.jpg; https://www.oprocaccini.com/wp-content/uploads/2024/09/P1010568-scaled.jpg,oprocaccini_export\images\haut-bleu\haut-bleu_1.jpg; oprocaccini_export\images\haut-bleu\haut-bleu_2.jpg; oprocaccini_export\images\haut-bleu\haut-bleu_3.jpg
Haut fleurie,CHF39.90,Haut fleurie.,"Hauts/Tops, Vêtements",https://www.oprocaccini.com/produit/haut-fleurie/,https://www.oprocaccini.com/wp-content/uploads/2021/10/P1000354-scaled.jpg; https://www.oprocaccini.com/wp-content/uploads/2021/10/P1000355-scaled.jpg; https://www.oprocaccini.com/wp-content/uploads/2021/10/P1000357-scaled.jpg; https://www.oprocaccini.com/wp-content/uploads/2021/10/P1000352-scaled.jpg,oprocaccini_export\images\haut-fleurie\haut-fleurie_1.jpg; oprocaccini_export\images\haut-fleurie\haut-fleurie_2.jpg; oprocaccini_export\images\haut-fleurie\haut-fleurie_3.jpg; oprocaccini_export\images\haut-fleurie\haut-fleurie_4.jpg
Haut gris,CHF29.90,Haut gris avec fronce sur les côtés.,"Hauts/Tops, Vêtements",https://www.oprocaccini.com/produit/haut-gris/,https://www.oprocaccini.com/wp-content/uploads/2021/09/P1000377-scaled.jpg; https://www.oprocaccini.com/wp-content/uploads/2021/09/P1000379-scaled.jpg; https://www.oprocaccini.com/wp-content/uploads/2021/09/P1000376-scaled.jpg; https://www.oprocaccini.com/wp-content/uploads/2021/09/P1000380-scaled.jpg,oprocaccini_export\images\haut-gris\haut-gris_1.jpg; oprocaccini_export\images\haut-gris\haut-gris_2.jpg; oprocaccini_export\images\haut-gris\haut-gris_3.jpg; oprocaccini_export\images\haut-gris\haut-gris_4.jpg
Haut imprimé animal,CHF29.90,Haut imprimé animal avec fronce sur les côtés.,"Hauts/Tops, Vêtements",https://www.oprocaccini.com/produit/haut-imprime-animal/,https://www.oprocaccini.com/wp-content/uploads/2021/09/P1000370-scaled.jpg; https://www.oprocaccini.com/wp-content/uploads/2021/09/P1000371-scaled.jpg; https://www.oprocaccini.com/wp-content/uploads/2021/09/P1000369-scaled.jpg; https://www.oprocaccini.com/wp-content/uploads/2021/09/P1000368-scaled.jpg,oprocaccini_export\images\haut-imprimé-animal\haut-imprimé-animal_1.jpg; oprocaccini_export\images\haut-imprimé-animal\haut-imprimé-animal_2.jpg; oprocaccini_export\images\haut-imprimé-animal\haut-imprimé-animal_3.jpg; oprocaccini_export\images\haut-imprimé-animal\haut-imprimé-animal_4.jpg
Haut jean,CHF39.90,Haut en jean bleu coton.,"Hauts/Tops, Vêtements",https://www.oprocaccini.com/produit/haut-jean/,https://www.oprocaccini.com/wp-content/uploads/2021/10/P1000334-scaled.jpg; https://www.oprocaccini.com/wp-content/uploads/2021/10/P1000338-scaled.jpg; https://www.oprocaccini.com/wp-content/uploads/2021/10/P1000343-scaled.jpg,oprocaccini_export\images\haut-jean\haut-jean_1.jpg; oprocaccini_export\images\haut-jean\haut-jean_2.jpg; oprocaccini_export\images\haut-jean\haut-jean_3.jpg
Haut noir,CHF49.90,Haut fleurie.,"Hauts/Tops, Vêtements",https://www.oprocaccini.com/produit/haut-noir-3/,https://www.oprocaccini.com/wp-content/uploads/2024/09/P1010554-scaled.jpg; https://www.oprocaccini.com/wp-content/uploads/2024/09/P1010555-scaled.jpg; https://www.oprocaccini.com/wp-content/uploads/2024/09/P1010553-scaled.jpg,oprocaccini_export\images\haut-noir\haut-noir_1.jpg; oprocaccini_export\images\haut-noir\haut-noir_2.jpg; oprocaccini_export\images\haut-noir\haut-noir_3.jpg
Haut orange,CHF49.90,Haut fleurie.,"Hauts/Tops, Vêtements",https://www.oprocaccini.com/produit/haut-orange/,https://www.oprocaccini.com/wp-content/uploads/2024/09/P1010541-scaled.jpg; https://www.oprocaccini.com/wp-content/uploads/2024/09/P1010540-scaled.jpg; https://www.oprocaccini.com/wp-content/uploads/2024/09/P1010538-scaled.jpg,oprocaccini_export\images\haut-orange\haut-orange_1.jpg; oprocaccini_export\images\haut-orange\haut-orange_2.jpg; oprocaccini_export\images\haut-orange\haut-orange_3.jpg
Haut rouge bordeaux,CHF49.90,Haut fleurie.,"Hauts/Tops, Vêtements",https://www.oprocaccini.com/produit/haut-rouge-bordeaux/,https://www.oprocaccini.com/wp-content/uploads/2024/09/P1010558-scaled.jpg; https://www.oprocaccini.com/wp-content/uploads/2024/09/P1010557-scaled.jpg; https://www.oprocaccini.com/wp-content/uploads/2024/09/P1010559-scaled.jpg,oprocaccini_export\images\haut-rouge-bordeaux\haut-rouge-bordeaux_1.jpg; oprocaccini_export\images\haut-rouge-bordeaux\haut-rouge-bordeaux_2.jpg; oprocaccini_export\images\haut-rouge-bordeaux\haut-rouge-bordeaux_3.jpg
Haut Rouge dentelle noir,CHF39.90,Haut rouge dentelle noir.,"Hauts/Tops, Vêtements",https://www.oprocaccini.com/produit/haut-rouge-dentelle-noir/,https://www.oprocaccini.com/wp-content/uploads/2021/10/P1000358-scaled.jpg; https://www.oprocaccini.com/wp-content/uploads/2021/10/P1000359-scaled.jpg; https://www.oprocaccini.com/wp-content/uploads/2021/10/P1000362-scaled.jpg,oprocaccini_export\images\haut-rouge-dentelle-noir\haut-rouge-dentelle-noir_1.jpg; oprocaccini_export\images\haut-rouge-dentelle-noir\haut-rouge-dentelle-noir_2.jpg; oprocaccini_export\images\haut-rouge-dentelle-noir\haut-rouge-dentelle-noir_3.jpg
Haut vert,CHF49.90,Haut fleurie.,"Hauts/Tops, Vêtements",https://www.oprocaccini.com/produit/haut-vert/,https://www.oprocaccini.com/wp-content/uploads/2024/09/P1010579-scaled.jpg; https://www.oprocaccini.com/wp-content/uploads/2024/09/P1010576-scaled.jpg; https://www.oprocaccini.com/wp-content/uploads/2024/09/P1010572-scaled.jpg,oprocaccini_export\images\haut-vert\haut-vert_1.jpg; oprocaccini_export\images\haut-vert\haut-vert_2.jpg; oprocaccini_export\images\haut-vert\haut-vert_3.jpg
Pantalon,CHF59.90,Pantalon / très confortable.,"Pantalons/Jogging, Vêtements",https://www.oprocaccini.com/produit/pantalon/,https://www.oprocaccini.com/wp-content/uploads/2021/11/P1000987-scaled.jpg; https://www.oprocaccini.com/wp-content/uploads/2021/11/P1000989-scaled.jpg; https://www.oprocaccini.com/wp-content/uploads/2021/11/P1000990-scaled.jpg; https://www.oprocaccini.com/wp-content/uploads/2021/11/P1000978-scaled.jpg,oprocaccini_export\images\pantalon\pantalon_1.jpg; oprocaccini_export\images\pantalon\pantalon_2.jpg; oprocaccini_export\images\pantalon\pantalon_3.jpg; oprocaccini_export\images\pantalon\pantalon_4.jpg
Pantalon,CHF59.90,Pantalon / très confortable.,"Pantalons/Jogging, Vêtements",https://www.oprocaccini.com/produit/pantalon-2/,https://www.oprocaccini.com/wp-content/uploads/2021/11/P1010001-scaled.jpg; https://www.oprocaccini.com/wp-content/uploads/2021/11/P1000999-scaled.jpg; https://www.oprocaccini.com/wp-content/uploads/2021/11/P1000998-scaled.jpg; https://www.oprocaccini.com/wp-content/uploads/2021/11/P1000997-scaled.jpg,oprocaccini_export\images\pantalon\pantalon_1.jpg; oprocaccini_export\images\pantalon\pantalon_2.jpg; oprocaccini_export\images\pantalon\pantalon_3.jpg; oprocaccini_export\images\pantalon\pantalon_4.jpg
Pantalon jogging blanc,CHF59.90,Pantalon jogging blanc / très confortable.,"Pantalons/Jogging, Vêtements",https://www.oprocaccini.com/produit/pantalon-jogging-blanc/,https://www.oprocaccini.com/wp-content/uploads/2021/09/P1000428-scaled.jpg; https://www.oprocaccini.com/wp-content/uploads/2021/09/P1000427-scaled.jpg; https://www.oprocaccini.com/wp-content/uploads/2021/09/P1000426-scaled.jpg; https://www.oprocaccini.com/wp-content/uploads/2021/09/P1000430-scaled.jpg; https://www.oprocaccini.com/wp-content/uploads/2021/09/P1000429-scaled.jpg,oprocaccini_export\images\pantalon-jogging-blanc\pantalon-jogging-blanc_1.jpg; oprocaccini_export\images\pantalon-jogging-blanc\pantalon-jogging-blanc_2.jpg; oprocaccini_export\images\pantalon-jogging-blanc\pantalon-jogging-blanc_3.jpg; oprocaccini_export\images\pantalon-jogging-blanc\pantalon-jogging-blanc_4.jpg; oprocaccini_export\images\pantalon-jogging-blanc\pantalon-jogging-blanc_5.jpg
Robe,CHF60.00,,"Robes, Vêtements",https://www.oprocaccini.com/produit/robe/,https://www.oprocaccini.com/wp-content/uploads/2021/11/PhotoRoom_20211102_100347.jpg; https://www.oprocaccini.com/wp-content/uploads/2021/11/PhotoRoom_20211102_100428.jpg; https://www.oprocaccini.com/wp-content/uploads/2021/11/PhotoRoom_20211102_100456.jpg,oprocaccini_export\images\robe\robe_1.jpg; oprocaccini_export\images\robe\robe_2.jpg; oprocaccini_export\images\robe\robe_3.jpg
Robe,CHF69.90,Robe violette en velours a strass.,"Robes, Vêtements",https://www.oprocaccini.com/produit/robe-2/,https://www.oprocaccini.com/wp-content/uploads/2021/11/P1010095-scaled.jpg; https://www.oprocaccini.com/wp-content/uploads/2021/11/P1010083-scaled.jpg; https://www.oprocaccini.com/wp-content/uploads/2021/11/P1010082-scaled.jpg; https://www.oprocaccini.com/wp-content/uploads/2021/11/P1010075-scaled.jpg,oprocaccini_export\images\robe\robe_1.jpg; oprocaccini_export\images\robe\robe_2.jpg; oprocaccini_export\images\robe\robe_3.jpg; oprocaccini_export\images\robe\robe_4.jpg
Robe,CHF69.90,Robe violette en velours serpents.,"Robes, Vêtements",https://www.oprocaccini.com/produit/robe-3/,https://www.oprocaccini.com/wp-content/uploads/2021/11/P1000764-scaled.jpg; https://www.oprocaccini.com/wp-content/uploads/2021/11/P1000766-scaled.jpg; https://www.oprocaccini.com/wp-content/uploads/2021/11/P1000767-scaled.jpg; https://www.oprocaccini.com/wp-content/uploads/2021/11/P1000768-scaled.jpg,oprocaccini_export\images\robe\robe_1.jpg; oprocaccini_export\images\robe\robe_2.jpg; oprocaccini_export\images\robe\robe_3.jpg; oprocaccini_export\images\robe\robe_4.jpg
Robe,CHF69.90,Robe noir en velours serpents.,"Robes, Vêtements",https://www.oprocaccini.com/produit/robe-4/,https://www.oprocaccini.com/wp-content/uploads/2021/11/P1000786-scaled.jpg; https://www.oprocaccini.com/wp-content/uploads/2021/11/P1000789-scaled.jpg; https://www.oprocaccini.com/wp-content/uploads/2021/11/P1000783-scaled.jpg,oprocaccini_export\images\robe\robe_1.jpg; oprocaccini_export\images\robe\robe_2.jpg; oprocaccini_export\images\robe\robe_3.jpg
Etole à carreaux,CHF70.00,Etole à carreaux / doux / très confortable.,"Pulls/Gilets, Vêtements",https://www.oprocaccini.com/produit/etole-a-carreaux/,https://www.oprocaccini.com/wp-content/uploads/2024/10/P1010682-scaled.jpg; https://www.oprocaccini.com/wp-content/uploads/2024/10/P1010693-scaled.jpg; https://www.oprocaccini.com/wp-content/uploads/2024/10/P1010680-scaled.jpg; https://www.oprocaccini.com/wp-content/uploads/2024/10/P1010695-scaled.jpg; https://www.oprocaccini.com/wp-content/uploads/2024/10/P1010698-scaled.jpg,oprocaccini_export\images\etole-à-carreaux\etole-à-carreaux_1.jpg; oprocaccini_export\images\etole-à-carreaux\etole-à-carreaux_2.jpg; oprocaccini_export\images\etole-à-carreaux\etole-à-carreaux_3.jpg; oprocaccini_export\images\etole-à-carreaux\etole-à-carreaux_4.jpg; oprocaccini_export\images\etole-à-carreaux\etole-à-carreaux_5.jpg
Etole à carreaux,CHF70.00,Etole à carreaux / doux / très confortable.,"Pulls/Gilets, Vêtements",https://www.oprocaccini.com/produit/etole-a-carreaux-2/,https://www.oprocaccini.com/wp-content/uploads/2024/10/P1010699-scaled.jpg; https://www.oprocaccini.com/wp-content/uploads/2024/10/P1010700-scaled.jpg; https://www.oprocaccini.com/wp-content/uploads/2024/10/P1010702-scaled.jpg; https://www.oprocaccini.com/wp-content/uploads/2024/10/P1010710-scaled.jpg,oprocaccini_export\images\etole-à-carreaux\etole-à-carreaux_1.jpg; oprocaccini_export\images\etole-à-carreaux\etole-à-carreaux_2.jpg; oprocaccini_export\images\etole-à-carreaux\etole-à-carreaux_3.jpg; oprocaccini_export\images\etole-à-carreaux\etole-à-carreaux_4.jpg
Etole à carreaux,CHF70.00,Etole à carreaux / doux / très confortable.,"Pulls/Gilets, Vêtements",https://www.oprocaccini.com/produit/etole-a-carreaux-3/,https://www.oprocaccini.com/wp-content/uploads/2024/10/P1010728-scaled.jpg; https://www.oprocaccini.com/wp-content/uploads/2024/10/P1010721-scaled.jpg; https://www.oprocaccini.com/wp-content/uploads/2024/10/P1010723-scaled.jpg; https://www.oprocaccini.com/wp-content/uploads/2024/10/P1010736-scaled.jpg; https://www.oprocaccini.com/wp-content/uploads/2024/10/P1010733-scaled.jpg,oprocaccini_export\images\etole-à-carreaux\etole-à-carreaux_1.jpg; oprocaccini_export\images\etole-à-carreaux\etole-à-carreaux_2.jpg; oprocaccini_export\images\etole-à-carreaux\etole-à-carreaux_3.jpg; oprocaccini_export\images\etole-à-carreaux\etole-à-carreaux_4.jpg; oprocaccini_export\images\etole-à-carreaux\etole-à-carreaux_5.jpg
Gilet,CHF69.90,Taille unique,"Pulls/Gilets, Vêtements",https://www.oprocaccini.com/produit/gilet/,https://www.oprocaccini.com/wp-content/uploads/2021/11/P1000936-scaled.jpg; https://www.oprocaccini.com/wp-content/uploads/2021/11/P1000937-scaled.jpg; https://www.oprocaccini.com/wp-content/uploads/2021/11/P1000944-scaled.jpg; https://www.oprocaccini.com/wp-content/uploads/2021/11/P1000958-scaled.jpg; https://www.oprocaccini.com/wp-content/uploads/2021/11/P1000959-scaled.jpg,oprocaccini_export\images\gilet\gilet_1.jpg; oprocaccini_export\images\gilet\gilet_2.jpg; oprocaccini_export\images\gilet\gilet_3.jpg; oprocaccini_export\images\gilet\gilet_4.jpg; oprocaccini_export\images\gilet\gilet_5.jpg
Pull bleu ciel,CHF69.90,Pull bleu ciel / doux / très confortable.,"Pulls/Gilets, Vêtements",https://www.oprocaccini.com/produit/pull-bleu-ciel/,https://www.oprocaccini.com/wp-content/uploads/2021/09/P1000421-1-scaled.jpg; https://www.oprocaccini.com/wp-content/uploads/2021/09/P1000424-scaled.jpg; https://www.oprocaccini.com/wp-content/uploads/2021/09/P1000420-scaled.jpg; https://www.oprocaccini.com/wp-content/uploads/2021/09/P1000418-scaled.jpg,oprocaccini_export\images\pull-bleu-ciel\pull-bleu-ciel_1.jpg; oprocaccini_export\images\pull-bleu-ciel\pull-bleu-ciel_2.jpg; oprocaccini_export\images\pull-bleu-ciel\pull-bleu-ciel_3.jpg; oprocaccini_export\images\pull-bleu-ciel\pull-bleu-ciel_4.jpg
Pull noir court,CHF59.90,Pull noir / très confortable.,"Pulls/Gilets, Vêtements",https://www.oprocaccini.com/produit/pull-noir-court/,https://www.oprocaccini.com/wp-content/uploads/2021/09/P1000392-scaled.jpg; https://www.oprocaccini.com/wp-content/uploads/2021/09/P1000399-scaled.jpg; https://www.oprocaccini.com/wp-content/uploads/2021/09/P1000391-scaled.jpg; https://www.oprocaccini.com/wp-content/uploads/2021/09/P1000390-scaled.jpg; https://www.oprocaccini.com/wp-content/uploads/2021/09/P1000394-scaled.jpg,oprocaccini_export\images\pull-noir-court\pull-noir-court_1.jpg; oprocaccini_export\images\pull-noir-court\pull-noir-court_2.jpg; oprocaccini_export\images\pull-noir-court\pull-noir-court_3.jpg; oprocaccini_export\images\pull-noir-court\pull-noir-court_4.jpg; oprocaccini_export\images\pull-noir-court\pull-noir-court_5.jpg
Pull orange,CHF69.90,Pull orange / doux / très confortable.,"Pulls/Gilets, Vêtements",https://www.oprocaccini.com/produit/pull-orange/,https://www.oprocaccini.com/wp-content/uploads/2021/10/P1000402-scaled.jpg; https://www.oprocaccini.com/wp-content/uploads/2021/10/P1000408-scaled.jpg; https://www.oprocaccini.com/wp-content/uploads/2021/10/P1000406-scaled.jpg; https://www.oprocaccini.com/wp-content/uploads/2021/10/P1000400-scaled.jpg,oprocaccini_export\images\pull-orange\pull-orange_1.jpg; oprocaccini_export\images\pull-orange\pull-orange_2.jpg; oprocaccini_export\images\pull-orange\pull-orange_3.jpg; oprocaccini_export\images\pull-orange\pull-orange_4.jpg
Manteau,"CHF1,500.00",Ce manteau est pour une personne qui mesure plus 1m70 : Tour de poitrine: 97 cm Tour de taille: 74 cm Tour de hanche: 105 cm,"Manteau/Blazer, Vêtements",https://www.oprocaccini.com/produit/manteau/,https://www.oprocaccini.com/wp-content/uploads/2021/11/P1000923-scaled.jpg; https://www.oprocaccini.com/wp-content/uploads/2021/11/P1000915-scaled.jpg; https://www.oprocaccini.com/wp-content/uploads/2021/11/P1000913-scaled.jpg; https://www.oprocaccini.com/wp-content/uploads/2021/11/P1000929-scaled.jpg; https://www.oprocaccini.com/wp-content/uploads/2021/11/P1000932-scaled.jpg,oprocaccini_export\images\manteau\manteau_1.jpg; oprocaccini_export\images\manteau\manteau_2.jpg; oprocaccini_export\images\manteau\manteau_3.jpg; oprocaccini_export\images\manteau\manteau_4.jpg; oprocaccini_export\images\manteau\manteau_5.jpg
Jupe noir,CHF69.90,Jupe noir en laine cachemire.,"Jupes, Vêtements",https://www.oprocaccini.com/produit/jupe-noir/,https://www.oprocaccini.com/wp-content/uploads/2021/11/P1010051-scaled.jpg; https://www.oprocaccini.com/wp-content/uploads/2021/11/P1010048-scaled.jpg; https://www.oprocaccini.com/wp-content/uploads/2021/11/P1010056-scaled.jpg; https://www.oprocaccini.com/wp-content/uploads/2021/11/P1010059-scaled.jpg,oprocaccini_export\images\jupe-noir\jupe-noir_1.jpg; oprocaccini_export\images\jupe-noir\jupe-noir_2.jpg; oprocaccini_export\images\jupe-noir\jupe-noir_3.jpg; oprocaccini_export\images\jupe-noir\jupe-noir_4.jpg
Jupe rouge bordeaux,CHF69.90,Jupe rouge bordeaux en laine.,"Jupes, Vêtements",https://www.oprocaccini.com/produit/jupe-rouge-bordeaux/,https://www.oprocaccini.com/wp-content/uploads/2021/11/P1010045-scaled.jpg; https://www.oprocaccini.com/wp-content/uploads/2021/11/P1010044-scaled.jpg; https://www.oprocaccini.com/wp-content/uploads/2021/11/P1010030-scaled.jpg,oprocaccini_export\images\jupe-rouge-bordeaux\jupe-rouge-bordeaux_1.jpg; oprocaccini_export\images\jupe-rouge-bordeaux\jupe-rouge-bordeaux_2.jpg; oprocaccini_export\images\jupe-rouge-bordeaux\jupe-rouge-bordeaux_3.jpg
Maillot de bain réversible,CHF39.90,Maillot de bain réversible blanc et motif losange.,"Maillots de bain, Vêtements",https://www.oprocaccini.com/produit/maillot-de-bain-reversible/,https://www.oprocaccini.com/wp-content/uploads/2021/10/P1010527-scaled.jpg; https://www.oprocaccini.com/wp-content/uploads/2021/10/IMG_2416-1.jpg; https://www.oprocaccini.com/wp-content/uploads/2021/10/IMG_1955.jpg; https://www.oprocaccini.com/wp-content/uploads/2021/10/IMG_1964.jpg; https://www.oprocaccini.com/wp-content/uploads/2021/10/IMG_2414-1.jpg; https://www.oprocaccini.com/wp-content/uploads/2021/10/P1010528-scaled.jpg,oprocaccini_export\images\maillot-de-bain-réversible\maillot-de-bain-réversible_1.jpg; oprocaccini_export\images\maillot-de-bain-réversible\maillot-de-bain-réversible_2.jpg; oprocaccini_export\images\maillot-de-bain-réversible\maillot-de-bain-réversible_3.jpg; oprocaccini_export\images\maillot-de-bain-réversible\maillot-de-bain-réversible_4.jpg; oprocaccini_export\images\maillot-de-bain-réversible\maillot-de-bain-réversible_5.jpg; oprocaccini_export\images\maillot-de-bain-réversible\maillot-de-bain-réversible_6.jpg
Maillot de bain réversible,CHF39.90,Maillot de bain réversible jaune et orange.,"Maillots de bain, Vêtements",https://www.oprocaccini.com/produit/maillot-de-bain-reversible-2/,https://www.oprocaccini.com/wp-content/uploads/2021/10/P1010524-scaled.jpg; https://www.oprocaccini.com/wp-content/uploads/2021/10/IMG_2394.jpg; https://www.oprocaccini.com/wp-content/uploads/2021/10/IMG_1914.jpg; https://www.oprocaccini.com/wp-content/uploads/2021/10/IMG_2392.jpg; https://www.oprocaccini.com/wp-content/uploads/2021/10/IMG_5861.png; https://www.oprocaccini.com/wp-content/uploads/2021/10/P1010525-scaled.jpg,oprocaccini_export\images\maillot-de-bain-réversible\maillot-de-bain-réversible_1.jpg; oprocaccini_export\images\maillot-de-bain-réversible\maillot-de-bain-réversible_2.jpg; oprocaccini_export\images\maillot-de-bain-réversible\maillot-de-bain-réversible_3.jpg; oprocaccini_export\images\maillot-de-bain-réversible\maillot-de-bain-réversible_4.jpg; oprocaccini_export\images\maillot-de-bain-réversible\maillot-de-bain-réversible_5.png; oprocaccini_export\images\maillot-de-bain-réversible\maillot-de-bain-réversible_6.jpg
Maillot de bain réversible,CHF39.90,Maillot de bain réversible fuchsia et bleu.,"Maillots de bain, Vêtements",https://www.oprocaccini.com/produit/maillot-de-bain-reversible-3/,https://www.oprocaccini.com/wp-content/uploads/2021/10/P1010499-scaled.jpg; https://www.oprocaccini.com/wp-content/uploads/2021/10/IMG_2402.jpg; https://www.oprocaccini.com/wp-content/uploads/2021/10/IMG_1931.jpg; https://www.oprocaccini.com/wp-content/uploads/2021/10/IMG_1937.jpg; https://www.oprocaccini.com/wp-content/uploads/2021/10/IMG_2400-rotated.jpg; https://www.oprocaccini.com/wp-content/uploads/2021/10/P1010500-scaled.jpg,oprocaccini_export\images\maillot-de-bain-réversible\maillot-de-bain-réversible_1.jpg; oprocaccini_export\images\maillot-de-bain-réversible\maillot-de-bain-réversible_2.jpg; oprocaccini_export\images\maillot-de-bain-réversible\maillot-de-bain-réversible_3.jpg; oprocaccini_export\images\maillot-de-bain-réversible\maillot-de-bain-réversible_4.jpg; oprocaccini_export\images\maillot-de-bain-réversible\maillot-de-bain-réversible_5.jpg; oprocaccini_export\images\maillot-de-bain-réversible\maillot-de-bain-réversible_6.jpg
Maillot de bain réversible,CHF39.90,Maillot de bain réversible jaune et orange.,"Maillots de bain, Vêtements",https://www.oprocaccini.com/produit/maillot-de-bain-reversible-4/,https://www.oprocaccini.com/wp-content/uploads/2021/10/P1010502-scaled.jpg; https://www.oprocaccini.com/wp-content/uploads/2021/10/P1010506-scaled.jpg; https://www.oprocaccini.com/wp-content/uploads/2021/10/IMG_5872.png; https://www.oprocaccini.com/wp-content/uploads/2021/10/IMG_1969.jpg; https://www.oprocaccini.com/wp-content/uploads/2021/10/IMG_5862.png,oprocaccini_export\images\maillot-de-bain-réversible\maillot-de-bain-réversible_1.jpg; oprocaccini_export\images\maillot-de-bain-réversible\maillot-de-bain-réversible_2.jpg; oprocaccini_export\images\maillot-de-bain-réversible\maillot-de-bain-réversible_3.png; oprocaccini_export\images\maillot-de-bain-réversible\maillot-de-bain-réversible_4.jpg; oprocaccini_export\images\maillot-de-bain-réversible\maillot-de-bain-réversible_5.png
Maillot de bain réversible,CHF39.90,Maillot de bain réversible jaune et orange.,"Maillots de bain, Vêtements",https://www.oprocaccini.com/produit/maillot-de-bain-reversible-5/,https://www.oprocaccini.com/wp-content/uploads/2021/10/P1010509-scaled.jpg; https://www.oprocaccini.com/wp-content/uploads/2021/10/P1010508-scaled.jpg,oprocaccini_export\images\maillot-de-bain-réversible\maillot-de-bain-réversible_1.jpg; oprocaccini_export\images\maillot-de-bain-réversible\maillot-de-bain-réversible_2.jpg
Maillot de bain réversible,CHF39.90,Maillot de bain réversible jaune et orange.,"Maillots de bain, Vêtements",https://www.oprocaccini.com/produit/maillot-de-bain-reversible-6/,https://www.oprocaccini.com/wp-content/uploads/2021/10/P1010514-scaled.jpg; https://www.oprocaccini.com/wp-content/uploads/2021/10/P1010511-scaled.jpg,oprocaccini_export\images\maillot-de-bain-réversible\maillot-de-bain-réversible_1.jpg; oprocaccini_export\images\maillot-de-bain-réversible\maillot-de-bain-réversible_2.jpg
Maillot de bain réversible,CHF39.90,Maillot de bain réversible jaune et orange.,"Maillots de bain, Vêtements",https://www.oprocaccini.com/produit/maillot-de-bain-reversible-7/,https://www.oprocaccini.com/wp-content/uploads/2021/10/P1010516-scaled.jpg; https://www.oprocaccini.com/wp-content/uploads/2021/10/P1010520-scaled.jpg,oprocaccini_export\images\maillot-de-bain-réversible\maillot-de-bain-réversible_1.jpg; oprocaccini_export\images\maillot-de-bain-réversible\maillot-de-bain-réversible_2.jpg
Pochette,CHF25.00,Pochette bleu / blanc / jaune.,"Accessoires, Pochettes",https://www.oprocaccini.com/produit/pochette/,https://www.oprocaccini.com/wp-content/uploads/2023/07/P1010492-scaled.jpg; https://www.oprocaccini.com/wp-content/uploads/2023/07/P1010493-scaled.jpg,oprocaccini_export\images\pochette\pochette_1.jpg; oprocaccini_export\images\pochette\pochette_2.jpg
Pochette,CHF25.00,Pochette rose / brun / violet.,"Accessoires, Pochettes",https://www.oprocaccini.com/produit/pochette-2/,https://www.oprocaccini.com/wp-content/uploads/2023/07/P1010490-scaled.jpg; https://www.oprocaccini.com/wp-content/uploads/2023/07/P1010491-scaled.jpg,oprocaccini_export\images\pochette\pochette_1.jpg; oprocaccini_export\images\pochette\pochette_2.jpg
Pochette,CHF25.00,Pochette rose / vert / noir.,"Accessoires, Pochettes",https://www.oprocaccini.com/produit/pochette-3/,https://www.oprocaccini.com/wp-content/uploads/2023/07/P1010488-scaled.jpg; https://www.oprocaccini.com/wp-content/uploads/2023/07/P1010489-scaled.jpg,oprocaccini_export\images\pochette\pochette_1.jpg; oprocaccini_export\images\pochette\pochette_2.jpg
Pochette,CHF25.00,Pochette bleu / blanc / noir.,"Accessoires, Pochettes",https://www.oprocaccini.com/produit/pochette-4/,https://www.oprocaccini.com/wp-content/uploads/2023/07/P1010487-scaled.jpg; https://www.oprocaccini.com/wp-content/uploads/2023/07/P1010486-scaled.jpg,oprocaccini_export\images\pochette\pochette_1.jpg; oprocaccini_export\images\pochette\pochette_2.jpg
Pochette,CHF25.00,Pochette violet / blanc / jaune.,"Accessoires, Pochettes",https://www.oprocaccini.com/produit/pochette-5/,https://www.oprocaccini.com/wp-content/uploads/2023/07/P1010485-scaled.jpg; https://www.oprocaccini.com/wp-content/uploads/2023/07/P1010484-scaled.jpg,oprocaccini_export\images\pochette\pochette_1.jpg; oprocaccini_export\images\pochette\pochette_2.jpg
Pochette (Bleu turquoise),CHF25.00,Pochette bleu turquoise en velours.,"Accessoires, Pochettes",https://www.oprocaccini.com/produit/pochette-bleu-turquoise/,https://www.oprocaccini.com/wp-content/uploads/2021/09/IMG_2458-rotated.jpg; https://www.oprocaccini.com/wp-content/uploads/2021/09/IMG_2459.jpg,oprocaccini_export\images\pochette-bleu-turquoise\pochette-bleu-turquoise_1.jpg; oprocaccini_export\images\pochette-bleu-turquoise\pochette-bleu-turquoise_2.jpg
Pochette dentelle blanc / bleu,CHF25.00,Pochette dentelle bleu / blanc.,"Accessoires, Pochettes",https://www.oprocaccini.com/produit/pochette-dentelle-blanc-bleu/,https://www.oprocaccini.com/wp-content/uploads/2021/09/IMG_2449.jpg; https://www.oprocaccini.com/wp-content/uploads/2021/09/IMG_2451.jpg,oprocaccini_export\images\pochette-dentelle-blanc-bleu\pochette-dentelle-blanc-bleu_1.jpg; oprocaccini_export\images\pochette-dentelle-blanc-bleu\pochette-dentelle-blanc-bleu_2.jpg
Pochette dentelle bleu / blanc,CHF25.00,Pochette dentelle bleu / blanc.,"Accessoires, Pochettes",https://www.oprocaccini.com/produit/pochette-dentelle-bleu-blanc/,https://www.oprocaccini.com/wp-content/uploads/2021/09/IMG_2447.jpg; https://www.oprocaccini.com/wp-content/uploads/2021/09/IMG_2448-1.jpg,oprocaccini_export\images\pochette-dentelle-bleu-blanc\pochette-dentelle-bleu-blanc_1.jpg; oprocaccini_export\images\pochette-dentelle-bleu-blanc\pochette-dentelle-bleu-blanc_2.jpg
Pochette dentelle noir / blanc,CHF25.00,Pochette dentelle noir et blanc.,"Accessoires, Pochettes",https://www.oprocaccini.com/produit/pochette-dentelle-noir-blanc/,https://www.oprocaccini.com/wp-content/uploads/2021/09/IMG_2440-rotated.jpg; https://www.oprocaccini.com/wp-content/uploads/2021/09/IMG_2442.jpg,oprocaccini_export\images\pochette-dentelle-noir-blanc\pochette-dentelle-noir-blanc_1.jpg; oprocaccini_export\images\pochette-dentelle-noir-blanc\pochette-dentelle-noir-blanc_2.jpg
Pochette dentelle rose/doré,CHF25.00,Pochette dentelle rose et doré.,"Accessoires, Pochettes",https://www.oprocaccini.com/produit/pochette-dentelle-rose-dore/,https://www.oprocaccini.com/wp-content/uploads/2021/09/IMG_2425.jpg; https://www.oprocaccini.com/wp-content/uploads/2021/09/IMG_2426-1.jpg,oprocaccini_export\images\pochette-dentelle-rosedoré\pochette-dentelle-rosedoré_1.jpg; oprocaccini_export\images\pochette-dentelle-rosedoré\pochette-dentelle-rosedoré_2.jpg
Pochette dentelle vert claire / blanc,CHF25.00,Pochette en dentelle vert et blanc.,"Accessoires, Pochettes",https://www.oprocaccini.com/produit/pochette-dentelle-vert-claire-blanc/,https://www.oprocaccini.com/wp-content/uploads/2021/09/IMG_2452.jpg; https://www.oprocaccini.com/wp-content/uploads/2021/09/IMG_2453.jpg,oprocaccini_export\images\pochette-dentelle-vert-claire-blanc\pochette-dentelle-vert-claire-blanc_1.jpg; oprocaccini_export\images\pochette-dentelle-vert-claire-blanc\pochette-dentelle-vert-claire-blanc_2.jpg
Pochette imprimé animal,CHF25.00,"Pochette imprimé animal noir, blanc et gris.","Accessoires, Pochettes",https://www.oprocaccini.com/produit/pochette-imprime-animal/,https://www.oprocaccini.com/wp-content/uploads/2021/09/IMG_2557.jpg,oprocaccini_export\images\pochette-imprimé-animal\pochette-imprimé-animal_1.jpg
Pochette motif losange,CHF25.00,Pochette motif losange.,"Accessoires, Pochettes",https://www.oprocaccini.com/produit/pochette-motif-losange/,https://www.oprocaccini.com/wp-content/uploads/2021/09/IMG_2434.jpg; https://www.oprocaccini.com/wp-content/uploads/2021/09/IMG_2438.jpg,oprocaccini_export\images\pochette-motif-losange\pochette-motif-losange_1.jpg; oprocaccini_export\images\pochette-motif-losange\pochette-motif-losange_2.jpg
Pochette rose,CHF25.00,Pochette rose en velours.,"Accessoires, Pochettes",https://www.oprocaccini.com/produit/pochette-rose/,https://www.oprocaccini.com/wp-content/uploads/2021/09/IMG_2427.jpg; https://www.oprocaccini.com/wp-content/uploads/2021/09/IMG_2432.jpg,oprocaccini_export\images\pochette-rose\pochette-rose_1.jpg; oprocaccini_export\images\pochette-rose\pochette-rose_2.jpg
Foulard Beige et Orange,CHF29.90,,"Accessoires, Foulards",https://www.oprocaccini.com/produit/foulard-beige-et-orange/,https://www.oprocaccini.com/wp-content/uploads/2023/06/P1010448-scaled.jpg; https://www.oprocaccini.com/wp-content/uploads/2023/06/P1010450-scaled.jpg; https://www.oprocaccini.com/wp-content/uploads/2023/06/P1010449-scaled.jpg; https://www.oprocaccini.com/wp-content/uploads/2023/06/P1010158-scaled.jpg,oprocaccini_export\images\foulard-beige-et-orange\foulard-beige-et-orange_1.jpg; oprocaccini_export\images\foulard-beige-et-orange\foulard-beige-et-orange_2.jpg; oprocaccini_export\images\foulard-beige-et-orange\foulard-beige-et-orange_3.jpg; oprocaccini_export\images\foulard-beige-et-orange\foulard-beige-et-orange_4.jpg
Foulard Bleu ciel,CHF29.90,,"Accessoires, Foulards",https://www.oprocaccini.com/produit/foulard-bleu-ciel/,https://www.oprocaccini.com/wp-content/uploads/2023/06/P1010430-scaled.jpg; https://www.oprocaccini.com/wp-content/uploads/2023/06/P1010429-scaled.jpg; https://www.oprocaccini.com/wp-content/uploads/2023/06/P1010160-scaled.jpg,oprocaccini_export\images\foulard-bleu-ciel\foulard-bleu-ciel_1.jpg; oprocaccini_export\images\foulard-bleu-ciel\foulard-bleu-ciel_2.jpg; oprocaccini_export\images\foulard-bleu-ciel\foulard-bleu-ciel_3.jpg
Foulard Bleu marine,CHF29.90,,"Accessoires, Foulards",https://www.oprocaccini.com/produit/foulard-bleu-marine/,https://www.oprocaccini.com/wp-content/uploads/2023/06/P1010436-scaled.jpg; https://www.oprocaccini.com/wp-content/uploads/2023/06/P1010435-scaled.jpg; https://www.oprocaccini.com/wp-content/uploads/2023/06/P1010437-scaled.jpg; https://www.oprocaccini.com/wp-content/uploads/2023/06/P1010155-scaled.jpg,oprocaccini_export\images\foulard-bleu-marine\foulard-bleu-marine_1.jpg; oprocaccini_export\images\foulard-bleu-marine\foulard-bleu-marine_2.jpg; oprocaccini_export\images\foulard-bleu-marine\foulard-bleu-marine_3.jpg; oprocaccini_export\images\foulard-bleu-marine\foulard-bleu-marine_4.jpg
Foulard Rouge,CHF29.90,,"Accessoires, Foulards",https://www.oprocaccini.com/produit/foulard-rouge/,https://www.oprocaccini.com/wp-content/uploads/2023/06/P1010444-scaled.jpg; https://www.oprocaccini.com/wp-content/uploads/2023/06/P1010443-scaled.jpg; https://www.oprocaccini.com/wp-content/uploads/2023/06/P1010442-scaled.jpg; https://www.oprocaccini.com/wp-content/uploads/2023/06/P1010161-scaled.jpg,oprocaccini_export\images\foulard-rouge\foulard-rouge_1.jpg; oprocaccini_export\images\foulard-rouge\foulard-rouge_2.jpg; oprocaccini_export\images\foulard-rouge\foulard-rouge_3.jpg; oprocaccini_export\images\foulard-rouge\foulard-rouge_4.jpg
Chouchou,CHF10.00,,"Accessoires, Chouchou",https://www.oprocaccini.com/produit/choucou/,https://www.oprocaccini.com/wp-content/uploads/2021/11/P1010199-scaled.jpg; https://www.oprocaccini.com/wp-content/uploads/2021/11/P1000894-scaled.jpg,oprocaccini_export\images\chouchou\chouchou_1.jpg; oprocaccini_export\images\chouchou\chouchou_2.jpg
Chouchou,CHF10.00,,"Accessoires, Chouchou",https://www.oprocaccini.com/produit/chouchou/,https://www.oprocaccini.com/wp-content/uploads/2021/11/P1010197-scaled.jpg; https://www.oprocaccini.com/wp-content/uploads/2021/11/P1000892-scaled.jpg,oprocaccini_export\images\chouchou\chouchou_1.jpg; oprocaccini_export\images\chouchou\chouchou_2.jpg
Chouchou,CHF5.00,,"Accessoires, Chouchou",https://www.oprocaccini.com/produit/chouchou-2/,https://www.oprocaccini.com/wp-content/uploads/2023/05/P1010194-scaled.jpg; https://www.oprocaccini.com/wp-content/uploads/2023/05/P1010195-scaled.jpg,oprocaccini_export\images\chouchou\chouchou_1.jpg; oprocaccini_export\images\chouchou\chouchou_2.jpg
Chouchou,CHF5.00,,"Accessoires, Chouchou",https://www.oprocaccini.com/produit/chouchou-3/,https://www.oprocaccini.com/wp-content/uploads/2023/05/P1010192-scaled.jpg; https://www.oprocaccini.com/wp-content/uploads/2023/05/P1010193-scaled.jpg,oprocaccini_export\images\chouchou\chouchou_1.jpg; oprocaccini_export\images\chouchou\chouchou_2.jpg
Chouchou,CHF5.00,,"Accessoires, Chouchou",https://www.oprocaccini.com/produit/chouchou-4/,https://www.oprocaccini.com/wp-content/uploads/2023/05/P1010190-scaled.jpg; https://www.oprocaccini.com/wp-content/uploads/2023/05/P1010191-scaled.jpg,oprocaccini_export\images\chouchou\chouchou_1.jpg; oprocaccini_export\images\chouchou\chouchou_2.jpg
Chouchou,CHF5.00,,"Accessoires, Chouchou",https://www.oprocaccini.com/produit/chouchou-5/,https://www.oprocaccini.com/wp-content/uploads/2023/05/P1010189-scaled.jpg,oprocaccini_export\images\chouchou\chouchou_1.jpg
Chouchou,CHF5.00,,"Accessoires, Chouchou",https://www.oprocaccini.com/produit/chouchou-6/,https://www.oprocaccini.com/wp-content/uploads/2023/05/P1010186-scaled.jpg; https://www.oprocaccini.com/wp-content/uploads/2023/05/P1010187-scaled.jpg,oprocaccini_export\images\chouchou\chouchou_1.jpg; oprocaccini_export\images\chouchou\chouchou_2.jpg
Chouchou,CHF5.00,,"Accessoires, Chouchou",https://www.oprocaccini.com/produit/chouchou-7/,https://www.oprocaccini.com/wp-content/uploads/2023/05/P1010185-scaled.jpg; https://www.oprocaccini.com/wp-content/uploads/2023/05/P1010184-scaled.jpg,oprocaccini_export\images\chouchou\chouchou_1.jpg; oprocaccini_export\images\chouchou\chouchou_2.jpg
Chouchou,CHF5.00,,"Accessoires, Chouchou",https://www.oprocaccini.com/produit/chouchou-8/,https://www.oprocaccini.com/wp-content/uploads/2023/05/P1010182-scaled.jpg; https://www.oprocaccini.com/wp-content/uploads/2023/05/P1010181-scaled.jpg,oprocaccini_export\images\chouchou\chouchou_1.jpg; oprocaccini_export\images\chouchou\chouchou_2.jpg
Chouchou,CHF5.00,,"Accessoires, Chouchou",https://www.oprocaccini.com/produit/chouchou-9/,https://www.oprocaccini.com/wp-content/uploads/2023/05/P1010179-scaled.jpg; https://www.oprocaccini.com/wp-content/uploads/2023/05/P1010180-scaled.jpg,oprocaccini_export\images\chouchou\chouchou_1.jpg; oprocaccini_export\images\chouchou\chouchou_2.jpg
Chouchou,CHF5.00,,"Accessoires, Chouchou",https://www.oprocaccini.com/produit/chouchou-10/,https://www.oprocaccini.com/wp-content/uploads/2023/05/P1010178-scaled.jpg; https://www.oprocaccini.com/wp-content/uploads/2023/05/P1010177-scaled.jpg,oprocaccini_export\images\chouchou\chouchou_1.jpg; oprocaccini_export\images\chouchou\chouchou_2.jpg
Chouchou,CHF5.00,,"Accessoires, Chouchou",https://www.oprocaccini.com/produit/chouchou-11/,https://www.oprocaccini.com/wp-content/uploads/2023/05/P1010175-scaled.jpg; https://www.oprocaccini.com/wp-content/uploads/2023/05/P1010176-scaled.jpg,oprocaccini_export\images\chouchou\chouchou_1.jpg; oprocaccini_export\images\chouchou\chouchou_2.jpg
Chouchou,CHF5.00,,"Accessoires, Chouchou",https://www.oprocaccini.com/produit/chouchou-12/,https://www.oprocaccini.com/wp-content/uploads/2023/05/P1010173-scaled.jpg; https://www.oprocaccini.com/wp-content/uploads/2023/05/P1010174-scaled.jpg,oprocaccini_export\images\chouchou\chouchou_1.jpg; oprocaccini_export\images\chouchou\chouchou_2.jpg
Chouchou,CHF5.00,,"Accessoires, Chouchou",https://www.oprocaccini.com/produit/chouchou-13/,https://www.oprocaccini.com/wp-content/uploads/2023/05/P1010171-scaled.jpg; https://www.oprocaccini.com/wp-content/uploads/2023/05/P1010172-scaled.jpg,oprocaccini_export\images\chouchou\chouchou_1.jpg; oprocaccini_export\images\chouchou\chouchou_2.jpg
Chouchou,CHF5.00,,"Accessoires, Chouchou",https://www.oprocaccini.com/produit/chouchou-14/,https://www.oprocaccini.com/wp-content/uploads/2023/05/P1010169-scaled.jpg; https://www.oprocaccini.com/wp-content/uploads/2023/05/P1010170-scaled.jpg,oprocaccini_export\images\chouchou\chouchou_1.jpg; oprocaccini_export\images\chouchou\chouchou_2.jpg
Chouchou,CHF5.00,,"Accessoires, Chouchou",https://www.oprocaccini.com/produit/chouchou-15/,https://www.oprocaccini.com/wp-content/uploads/2023/05/P1010167-scaled.jpg; https://www.oprocaccini.com/wp-content/uploads/2023/05/P1010168-scaled.jpg,oprocaccini_export\images\chouchou\chouchou_1.jpg; oprocaccini_export\images\chouchou\chouchou_2.jpg
Chouchou,CHF5.00,,"Accessoires, Chouchou",https://www.oprocaccini.com/produit/chouchou-16/,https://www.oprocaccini.com/wp-content/uploads/2023/05/P1010165-scaled.jpg; https://www.oprocaccini.com/wp-content/uploads/2023/05/P1010166-scaled.jpg,oprocaccini_export\images\chouchou\chouchou_1.jpg; oprocaccini_export\images\chouchou\chouchou_2.jpg
Chouchou,CHF5.00,,"Accessoires, Chouchou",https://www.oprocaccini.com/produit/chouchou-17/,https://www.oprocaccini.com/wp-content/uploads/2023/05/P1010164-scaled.jpg; https://www.oprocaccini.com/wp-content/uploads/2023/05/P1010163-scaled.jpg,oprocaccini_export\images\chouchou\chouchou_1.jpg; oprocaccini_export\images\chouchou\chouchou_2.jpg
Chouchou,CHF10.00,,"Accessoires, Chouchou",https://www.oprocaccini.com/produit/chouchou-18/,https://www.oprocaccini.com/wp-content/uploads/2023/07/P1010373-scaled.jpg; https://www.oprocaccini.com/wp-content/uploads/2023/07/P1010372-scaled.jpg,oprocaccini_export\images\chouchou\chouchou_1.jpg; oprocaccini_export\images\chouchou\chouchou_2.jpg
Chouchou,CHF10.00,,"Accessoires, Chouchou",https://www.oprocaccini.com/produit/chouchou-19/,https://www.oprocaccini.com/wp-content/uploads/2023/07/P1010371-scaled.jpg; https://www.oprocaccini.com/wp-content/uploads/2023/07/P1010370-scaled.jpg,oprocaccini_export\images\chouchou\chouchou_1.jpg; oprocaccini_export\images\chouchou\chouchou_2.jpg
Chouchou,CHF10.00,,"Accessoires, Chouchou",https://www.oprocaccini.com/produit/chouchou-20/,https://www.oprocaccini.com/wp-content/uploads/2023/07/P1010369-scaled.jpg; https://www.oprocaccini.com/wp-content/uploads/2023/07/P1010368-scaled.jpg,oprocaccini_export\images\chouchou\chouchou_1.jpg; oprocaccini_export\images\chouchou\chouchou_2.jpg
Chouchou,CHF10.00,,"Accessoires, Chouchou",https://www.oprocaccini.com/produit/chouchou-21/,https://www.oprocaccini.com/wp-content/uploads/2023/07/P1010365-scaled.jpg; https://www.oprocaccini.com/wp-content/uploads/2023/07/P1010364-scaled.jpg,oprocaccini_export\images\chouchou\chouchou_1.jpg; oprocaccini_export\images\chouchou\chouchou_2.jpg
Chouchou,CHF10.00,,"Accessoires, Chouchou",https://www.oprocaccini.com/produit/chouchou-22/,https://www.oprocaccini.com/wp-content/uploads/2023/07/P1010367-scaled.jpg; https://www.oprocaccini.com/wp-content/uploads/2023/07/P1010366-scaled.jpg,oprocaccini_export\images\chouchou\chouchou_1.jpg; oprocaccini_export\images\chouchou\chouchou_2.jpg
Chouchou,CHF10.00,,"Accessoires, Chouchou",https://www.oprocaccini.com/produit/chouchou-23/,https://www.oprocaccini.com/wp-content/uploads/2023/07/P1010363-scaled.jpg; https://www.oprocaccini.com/wp-content/uploads/2023/07/P1010362-scaled.jpg,oprocaccini_export\images\chouchou\chouchou_1.jpg; oprocaccini_export\images\chouchou\chouchou_2.jpg
Bandeau,CHF25.00,Bandeau gris fait main.,"Accessoires, Bandeaux",https://www.oprocaccini.com/produit/bandeau/,https://www.oprocaccini.com/wp-content/uploads/2021/10/P1000802-scaled.jpg; https://www.oprocaccini.com/wp-content/uploads/2021/10/P1000729-scaled.jpg; https://www.oprocaccini.com/wp-content/uploads/2021/10/P1000730-scaled.jpg; https://www.oprocaccini.com/wp-content/uploads/2021/10/P1000727-scaled.jpg; https://www.oprocaccini.com/wp-content/uploads/2021/10/P1000728-scaled.jpg,oprocaccini_export\images\bandeau\bandeau_1.jpg; oprocaccini_export\images\bandeau\bandeau_2.jpg; oprocaccini_export\images\bandeau\bandeau_3.jpg; oprocaccini_export\images\bandeau\bandeau_4.jpg; oprocaccini_export\images\bandeau\bandeau_5.jpg
Bandeau,CHF25.00,Bandeau gris fait main.,"Accessoires, Bandeaux",https://www.oprocaccini.com/produit/bandeau-2/,https://www.oprocaccini.com/wp-content/uploads/2021/10/P1000812-scaled.jpg; https://www.oprocaccini.com/wp-content/uploads/2021/10/P1000717-scaled.jpg; https://www.oprocaccini.com/wp-content/uploads/2021/10/P1000716-scaled.jpg,oprocaccini_export\images\bandeau\bandeau_1.jpg; oprocaccini_export\images\bandeau\bandeau_2.jpg; oprocaccini_export\images\bandeau\bandeau_3.jpg
Bandeau,CHF25.00,Bandeau rose pâle fait main.,"Accessoires, Bandeaux",https://www.oprocaccini.com/produit/bandeau-3/,https://www.oprocaccini.com/wp-content/uploads/2021/10/P1000805-scaled.jpg; https://www.oprocaccini.com/wp-content/uploads/2021/10/P1000703-scaled.jpg; https://www.oprocaccini.com/wp-content/uploads/2021/10/P1000696-scaled.jpg; https://www.oprocaccini.com/wp-content/uploads/2021/10/P1000694-scaled.jpg,oprocaccini_export\images\bandeau\bandeau_1.jpg; oprocaccini_export\images\bandeau\bandeau_2.jpg; oprocaccini_export\images\bandeau\bandeau_3.jpg; oprocaccini_export\images\bandeau\bandeau_4.jpg
Bandeau,CHF25.00,Bandeau bleu marine fait main.,"Accessoires, Bandeaux",https://www.oprocaccini.com/produit/bandeau-4/,https://www.oprocaccini.com/wp-content/uploads/2021/10/P1000809-scaled.jpg; https://www.oprocaccini.com/wp-content/uploads/2021/10/P1000753-scaled.jpg; https://www.oprocaccini.com/wp-content/uploads/2021/10/P1000745-scaled.jpg,oprocaccini_export\images\bandeau\bandeau_1.jpg; oprocaccini_export\images\bandeau\bandeau_2.jpg; oprocaccini_export\images\bandeau\bandeau_3.jpg
Bandeau,CHF25.00,Bandeau bleu fait main.,"Accessoires, Bandeaux",https://www.oprocaccini.com/produit/bandeau-5/,https://www.oprocaccini.com/wp-content/uploads/2021/10/P1000799-scaled.jpg; https://www.oprocaccini.com/wp-content/uploads/2021/10/P1000683-scaled.jpg; https://www.oprocaccini.com/wp-content/uploads/2021/10/P1000684-scaled.jpg; https://www.oprocaccini.com/wp-content/uploads/2021/10/P1000688-scaled.jpg,oprocaccini_export\images\bandeau\bandeau_1.jpg; oprocaccini_export\images\bandeau\bandeau_2.jpg; oprocaccini_export\images\bandeau\bandeau_3.jpg; oprocaccini_export\images\bandeau\bandeau_4.jpg
Bandeau,CHF25.00,Bandeau noir fait main.,"Accessoires, Bandeaux",https://www.oprocaccini.com/produit/bandeau-6/,https://www.oprocaccini.com/wp-content/uploads/2021/10/P1000808-scaled.jpg; https://www.oprocaccini.com/wp-content/uploads/2021/10/P1000731-scaled.jpg; https://www.oprocaccini.com/wp-content/uploads/2021/10/P1000732-scaled.jpg; https://www.oprocaccini.com/wp-content/uploads/2021/10/P1000736-scaled.jpg,oprocaccini_export\images\bandeau\bandeau_1.jpg; oprocaccini_export\images\bandeau\bandeau_2.jpg; oprocaccini_export\images\bandeau\bandeau_3.jpg; oprocaccini_export\images\bandeau\bandeau_4.jpg
Sac,CHF39.90,Sac pochette motif serpent.,"Accessoires, Sacs",https://www.oprocaccini.com/produit/sac/,https://www.oprocaccini.com/wp-content/uploads/2021/11/PhotoRoom_20211102_100837.jpg; https://www.oprocaccini.com/wp-content/uploads/2021/11/PhotoRoom_20211102_100907.jpg; https://www.oprocaccini.com/wp-content/uploads/2021/11/PhotoRoom_20211102_100743.jpg,oprocaccini_export\images\sac\sac_1.jpg; oprocaccini_export\images\sac\sac_2.jpg; oprocaccini_export\images\sac\sac_3.jpg
Sac,CHF29.90,Sac pochette.,"Accessoires, Sacs",https://www.oprocaccini.com/produit/sac-2/,https://www.oprocaccini.com/wp-content/uploads/2021/11/PhotoRoom_20211102_100935.jpg; https://www.oprocaccini.com/wp-content/uploads/2021/11/PhotoRoom_20211102_101010.jpg; https://www.oprocaccini.com/wp-content/uploads/2021/11/PhotoRoom_20211102_100952.jpg,oprocaccini_export\images\sac\sac_1.jpg; oprocaccini_export\images\sac\sac_2.jpg; oprocaccini_export\images\sac\sac_3.jpg
Sac,CHF59.90,Sac de plage 45 cm de longueur sur 40 cm de large.,"Accessoires, Sacs",https://www.oprocaccini.com/produit/sac-3/,https://www.oprocaccini.com/wp-content/uploads/2023/07/P1010482-scaled.jpg; https://www.oprocaccini.com/wp-content/uploads/2023/07/P1010481-scaled.jpg; https://www.oprocaccini.com/wp-content/uploads/2023/07/P1010479-scaled.jpg,oprocaccini_export\images\sac\sac_1.jpg; oprocaccini_export\images\sac\sac_2.jpg; oprocaccini_export\images\sac\sac_3.jpg
Sac,CHF59.90,Sac de plage 45 cm de longueur sur 40 cm de large.,"Accessoires, Sacs",https://www.oprocaccini.com/produit/sac-4/,https://www.oprocaccini.com/wp-content/uploads/2023/07/P1010475-scaled.jpg; https://www.oprocaccini.com/wp-content/uploads/2023/07/P1010476-scaled.jpg; https://www.oprocaccini.com/wp-content/uploads/2023/07/P1010478-scaled.jpg,oprocaccini_export\images\sac\sac_1.jpg; oprocaccini_export\images\sac\sac_2.jpg; oprocaccini_export\images\sac\sac_3.jpg
Sac,CHF59.90,Sac de plage 45 cm de longueur sur 40 cm de large.,"Accessoires, Sacs",https://www.oprocaccini.com/produit/sac-5/,https://www.oprocaccini.com/wp-content/uploads/2023/07/P1010466-scaled.jpg; https://www.oprocaccini.com/wp-content/uploads/2023/07/P1010469-scaled.jpg; https://www.oprocaccini.com/wp-content/uploads/2023/07/P1010467-scaled.jpg,oprocaccini_export\images\sac\sac_1.jpg; oprocaccini_export\images\sac\sac_2.jpg; oprocaccini_export\images\sac\sac_3.jpg
Sac,CHF59.90,Sac de plage 45 cm de longueur sur 40 cm de large.,"Accessoires, Sacs",https://www.oprocaccini.com/produit/sac-6/,https://www.oprocaccini.com/wp-content/uploads/2023/07/P1010464-scaled.jpg; https://www.oprocaccini.com/wp-content/uploads/2023/07/P1010465-scaled.jpg; https://www.oprocaccini.com/wp-content/uploads/2023/07/P1010463-scaled.jpg,oprocaccini_export\images\sac\sac_1.jpg; oprocaccini_export\images\sac\sac_2.jpg; oprocaccini_export\images\sac\sac_3.jpg
Sac,CHF59.90,Sac de plage 45 cm de longueur sur 40 cm de large.,"Accessoires, Sacs",https://www.oprocaccini.com/produit/sac-7/,https://www.oprocaccini.com/wp-content/uploads/2023/07/P1010471-scaled.jpg; https://www.oprocaccini.com/wp-content/uploads/2023/07/P1010470-scaled.jpg; https://www.oprocaccini.com/wp-content/uploads/2023/07/P1010472-scaled.jpg,oprocaccini_export\images\sac\sac_1.jpg; oprocaccini_export\images\sac\sac_2.jpg; oprocaccini_export\images\sac\sac_3.jpg
Bracelet,CHF20.00,Bracelet rouge et noir avec pendentif petit arbre. Pour un poignet de 16 cm / bijoux fait main.,"Bijoux, Bracelets",https://www.oprocaccini.com/produit/bracelet/,https://www.oprocaccini.com/wp-content/uploads/2021/10/P1000623-scaled.jpg; https://www.oprocaccini.com/wp-content/uploads/2021/10/P1000624-scaled.jpg,oprocaccini_export\images\bracelet\bracelet_1.jpg; oprocaccini_export\images\bracelet\bracelet_2.jpg
Bracelet,CHF20.00,Bracelet vert et marron avec pendentif petit OM. Pour un poignet de 16 cm / bijoux fait main.,"Bijoux, Bracelets",https://www.oprocaccini.com/produit/bracelet-2/,https://www.oprocaccini.com/wp-content/uploads/2021/10/P1000607-scaled.jpg; https://www.oprocaccini.com/wp-content/uploads/2021/10/P1000612-scaled.jpg,oprocaccini_export\images\bracelet\bracelet_1.jpg; oprocaccini_export\images\bracelet\bracelet_2.jpg
Bracelet,CHF20.00,Bracelet multicolore avec pendentif petit arbre. Pour un poignet de 16 cm / bijoux fait main.,"Bijoux, Bracelets",https://www.oprocaccini.com/produit/bracelet-3/,https://www.oprocaccini.com/wp-content/uploads/2021/10/P1000609-scaled.jpg; https://www.oprocaccini.com/wp-content/uploads/2021/10/P1000611-scaled.jpg,oprocaccini_export\images\bracelet\bracelet_1.jpg; oprocaccini_export\images\bracelet\bracelet_2.jpg
Bracelet,CHF20.00,Bracelet bleu marine et bleu avec pendentif petit fleure. Pour un poignet de 16 cm / bijoux fait main.,"Bijoux, Bracelets",https://www.oprocaccini.com/produit/bracelet-4/,https://www.oprocaccini.com/wp-content/uploads/2021/10/P1000615-scaled.jpg; https://www.oprocaccini.com/wp-content/uploads/2021/10/P1000617-scaled.jpg,oprocaccini_export\images\bracelet\bracelet_1.jpg; oprocaccini_export\images\bracelet\bracelet_2.jpg
Bracelet,CHF20.00,Bracelet violet et rose avec pendentif petit éléphant. Pour un poignet de 16 cm / bijoux fait main.,"Bijoux, Bracelets",https://www.oprocaccini.com/produit/bracelet-5/,https://www.oprocaccini.com/wp-content/uploads/2021/10/P1000619-scaled.jpg; https://www.oprocaccini.com/wp-content/uploads/2021/10/P1000621-scaled.jpg,oprocaccini_export\images\bracelet\bracelet_1.jpg; oprocaccini_export\images\bracelet\bracelet_2.jpg
Bracelet,CHF20.00,Pour un poignet de 18 cm.,"Bijoux, Bracelets",https://www.oprocaccini.com/produit/bracelet-6/,https://www.oprocaccini.com/wp-content/uploads/2021/11/P1010328-scaled.jpg; https://www.oprocaccini.com/wp-content/uploads/2021/11/PhotoRoom_20211102_101715.jpg,oprocaccini_export\images\bracelet\bracelet_1.jpg; oprocaccini_export\images\bracelet\bracelet_2.jpg
Bracelet,CHF20.00,Pour un poignet de 18 cm.,"Bijoux, Bracelets",https://www.oprocaccini.com/produit/bracelet-7/,https://www.oprocaccini.com/wp-content/uploads/2021/11/PhotoRoom_20211102_101834.jpg; https://www.oprocaccini.com/wp-content/uploads/2021/11/PhotoRoom_20211102_101858.jpg,oprocaccini_export\images\bracelet\bracelet_1.jpg; oprocaccini_export\images\bracelet\bracelet_2.jpg
Bracelet,CHF20.00,Pour un poignet de 18 cm.,"Bijoux, Bracelets",https://www.oprocaccini.com/produit/bracelet-8/,https://www.oprocaccini.com/wp-content/uploads/2021/11/PhotoRoom_20211102_101606.jpg; https://www.oprocaccini.com/wp-content/uploads/2021/11/PhotoRoom_20211102_101628.jpg,oprocaccini_export\images\bracelet\bracelet_1.jpg; oprocaccini_export\images\bracelet\bracelet_2.jpg
Bracelet,CHF20.00,Pour un poignet de 18 cm.,"Bijoux, Bracelets",https://www.oprocaccini.com/produit/bracelet-9/,https://www.oprocaccini.com/wp-content/uploads/2021/11/P1010314-scaled.jpg; https://www.oprocaccini.com/wp-content/uploads/2021/11/PhotoRoom_20211102_101814.jpg,oprocaccini_export\images\bracelet\bracelet_1.jpg; oprocaccini_export\images\bracelet\bracelet_2.jpg
Bracelet,CHF20.00,Pour un poignet de 18 cm.,"Bijoux, Bracelets",https://www.oprocaccini.com/produit/bracelet-10/,https://www.oprocaccini.com/wp-content/uploads/2021/11/PhotoRoom_20211102_101925.jpg; https://www.oprocaccini.com/wp-content/uploads/2021/11/PhotoRoom_20211102_101948.jpg,oprocaccini_export\images\bracelet\bracelet_1.jpg; oprocaccini_export\images\bracelet\bracelet_2.jpg
Bracelet,CHF20.00,Pour un poignet de 18 cm.,"Bijoux, Bracelets",https://www.oprocaccini.com/produit/bracelet-11/,https://www.oprocaccini.com/wp-content/uploads/2021/11/P1010324-scaled.jpg; https://www.oprocaccini.com/wp-content/uploads/2021/11/PhotoRoom_20211102_102038.jpg,oprocaccini_export\images\bracelet\bracelet_1.jpg; oprocaccini_export\images\bracelet\bracelet_2.jpg
Bracelet,CHF20.00,Pour un poignet de 18 cm.,"Bijoux, Bracelets",https://www.oprocaccini.com/produit/bracelet-12/,https://www.oprocaccini.com/wp-content/uploads/2021/11/P1010330-scaled.jpg; https://www.oprocaccini.com/wp-content/uploads/2021/11/PhotoRoom_20211102_101543.jpg,oprocaccini_export\images\bracelet\bracelet_1.jpg; oprocaccini_export\images\bracelet\bracelet_2.jpg
Bracelet,CHF10.00,Pour un poignet de 18 cm.,"Bijoux, Bracelets",https://www.oprocaccini.com/produit/bracelet-13/,https://www.oprocaccini.com/wp-content/uploads/2021/11/PhotoRoom_20211102_141716.jpg; https://www.oprocaccini.com/wp-content/uploads/2021/11/PhotoRoom_20211102_141002.jpg,oprocaccini_export\images\bracelet\bracelet_1.jpg; oprocaccini_export\images\bracelet\bracelet_2.jpg
Bracelet,CHF10.00,Pour un poignet de 18 cm.,"Bijoux, Bracelets",https://www.oprocaccini.com/produit/bracelet-14/,https://www.oprocaccini.com/wp-content/uploads/2021/11/P1010287-scaled.jpg; https://www.oprocaccini.com/wp-content/uploads/2021/11/PhotoRoom_20211102_141025.jpg; https://www.oprocaccini.com/wp-content/uploads/2021/11/P1010286-scaled.jpg,oprocaccini_export\images\bracelet\bracelet_1.jpg; oprocaccini_export\images\bracelet\bracelet_2.jpg; oprocaccini_export\images\bracelet\bracelet_3.jpg
Bracelet,CHF10.00,Pour un poignet de 18 cm.,"Bijoux, Bracelets",https://www.oprocaccini.com/produit/bracelet-15/,https://www.oprocaccini.com/wp-content/uploads/2021/11/PhotoRoom_20211102_141853.jpg; https://www.oprocaccini.com/wp-content/uploads/2021/11/PhotoRoom_20211102_141202.jpg,oprocaccini_export\images\bracelet\bracelet_1.jpg; oprocaccini_export\images\bracelet\bracelet_2.jpg
Bracelet,CHF10.00,Pour un poignet de 18 cm.,"Bijoux, Bracelets",https://www.oprocaccini.com/produit/bracelet-16/,https://www.oprocaccini.com/wp-content/uploads/2021/11/PhotoRoom_20211102_141811.jpg; https://www.oprocaccini.com/wp-content/uploads/2021/11/PhotoRoom_20211102_141118.jpg,oprocaccini_export\images\bracelet\bracelet_1.jpg; oprocaccini_export\images\bracelet\bracelet_2.jpg
Bracelet,CHF5.00,Pour un poignet de 16 cm.,"Bijoux, Bracelets",https://www.oprocaccini.com/produit/bracelet-17/,https://www.oprocaccini.com/wp-content/uploads/2021/11/PhotoRoom_20211102_141311.jpg,oprocaccini_export\images\bracelet\bracelet_1.jpg
Bracelet,CHF5.00,Pour un poignet de 16 cm.,"Bijoux, Bracelets",https://www.oprocaccini.com/produit/bracelet-18/,https://www.oprocaccini.com/wp-content/uploads/2021/11/PhotoRoom_20211102_141351.jpg,oprocaccini_export\images\bracelet\bracelet_1.jpg
Bracelet,CHF5.00,Pour un poignet de 16 cm.,"Bijoux, Bracelets",https://www.oprocaccini.com/produit/bracelet-19/,https://www.oprocaccini.com/wp-content/uploads/2021/11/PhotoRoom_20211102_141334.jpg,oprocaccini_export\images\bracelet\bracelet_1.jpg
Bracelet,CHF5.00,Pour un poignet de 16 cm.,"Bijoux, Bracelets",https://www.oprocaccini.com/produit/bracelet-20/,https://www.oprocaccini.com/wp-content/uploads/2021/11/PhotoRoom_20211102_141238.jpg,oprocaccini_export\images\bracelet\bracelet_1.jpg
Bracelet,CHF15.00,Pour un poignet de 18 cm.,"Bijoux, Bracelets",https://www.oprocaccini.com/produit/bracelet-21/,https://www.oprocaccini.com/wp-content/uploads/2021/11/PhotoRoom_20211102_181410.jpg; https://www.oprocaccini.com/wp-content/uploads/2021/11/PhotoRoom_20211102_181428.jpg,oprocaccini_export\images\bracelet\bracelet_1.jpg; oprocaccini_export\images\bracelet\bracelet_2.jpg
Bracelet,CHF15.00,Pour un poignet de 18 cm.,"Bijoux, Bracelets",https://www.oprocaccini.com/produit/bracelet-22/,https://www.oprocaccini.com/wp-content/uploads/2021/11/PhotoRoom_20211102_181445.jpg; https://www.oprocaccini.com/wp-content/uploads/2021/11/PhotoRoom_20211102_181608.jpg,oprocaccini_export\images\bracelet\bracelet_1.jpg; oprocaccini_export\images\bracelet\bracelet_2.jpg
Bracelet,CHF15.00,Pour un poignet de 18 cm.,"Bijoux, Bracelets",https://www.oprocaccini.com/produit/bracelet-23/,https://www.oprocaccini.com/wp-content/uploads/2021/11/P1010326-scaled.jpg; https://www.oprocaccini.com/wp-content/uploads/2021/11/PhotoRoom_20211102_181719.jpg,oprocaccini_export\images\bracelet\bracelet_1.jpg; oprocaccini_export\images\bracelet\bracelet_2.jpg
Bracelet,CHF15.00,Pour un poignet de 18 cm.,"Bijoux, Bracelets",https://www.oprocaccini.com/produit/bracelet-24/,https://www.oprocaccini.com/wp-content/uploads/2021/11/P1010333-scaled.jpg; https://www.oprocaccini.com/wp-content/uploads/2021/11/PhotoRoom_20211102_181846.jpg,oprocaccini_export\images\bracelet\bracelet_1.jpg; oprocaccini_export\images\bracelet\bracelet_2.jpg
Bracelet,CHF15.00,Pour un poignet de 18 cm.,"Bijoux, Bracelets",https://www.oprocaccini.com/produit/bracelet-25/,https://www.oprocaccini.com/wp-content/uploads/2021/11/P1010337-scaled.jpg; https://www.oprocaccini.com/wp-content/uploads/2021/11/PhotoRoom_20211102_181938.jpg,oprocaccini_export\images\bracelet\bracelet_1.jpg; oprocaccini_export\images\bracelet\bracelet_2.jpg
Bracelet,CHF10.00,Pour un poignet de 18 cm.,"Bijoux, Bracelets",https://www.oprocaccini.com/produit/bracelet-26/,https://www.oprocaccini.com/wp-content/uploads/2021/11/P1010334-scaled.jpg; https://www.oprocaccini.com/wp-content/uploads/2021/11/PhotoRoom_20211102_182013.jpg,oprocaccini_export\images\bracelet\bracelet_1.jpg; oprocaccini_export\images\bracelet\bracelet_2.jpg
Bracelet,CHF10.00,Pour un poignet de 18 cm.,"Bijoux, Bracelets",https://www.oprocaccini.com/produit/bracelet-27/,https://www.oprocaccini.com/wp-content/uploads/2021/11/P1010313-scaled.jpg; https://www.oprocaccini.com/wp-content/uploads/2021/11/PhotoRoom_20211102_182156.jpg,oprocaccini_export\images\bracelet\bracelet_1.jpg; oprocaccini_export\images\bracelet\bracelet_2.jpg
Bracelet,CHF10.00,Pour un poignet de 18 cm.,"Bijoux, Bracelets",https://www.oprocaccini.com/produit/bracelet-28/,https://www.oprocaccini.com/wp-content/uploads/2021/11/P1010346-scaled.jpg; https://www.oprocaccini.com/wp-content/uploads/2021/11/PhotoRoom_20211102_182259.jpg,oprocaccini_export\images\bracelet\bracelet_1.jpg; oprocaccini_export\images\bracelet\bracelet_2.jpg
Bracelet,CHF10.00,Pour un poignet de 18 cm.,"Bijoux, Bracelets",https://www.oprocaccini.com/produit/bracelet-29/,https://www.oprocaccini.com/wp-content/uploads/2021/11/P1010357-scaled.jpg; https://www.oprocaccini.com/wp-content/uploads/2021/11/PhotoRoom_20211102_182511.jpg,oprocaccini_export\images\bracelet\bracelet_1.jpg; oprocaccini_export\images\bracelet\bracelet_2.jpg
Bracelet,CHF10.00,Pour un poignet de 18 cm.,"Bijoux, Bracelets",https://www.oprocaccini.com/produit/bracelet-30/,https://www.oprocaccini.com/wp-content/uploads/2021/11/P1010353-scaled.jpg; https://www.oprocaccini.com/wp-content/uploads/2021/11/PhotoRoom_20211102_182604.jpg,oprocaccini_export\images\bracelet\bracelet_1.jpg; oprocaccini_export\images\bracelet\bracelet_2.jpg
Bracelet,CHF10.00,Pour un poignet de 18 cm.,"Bijoux, Bracelets",https://www.oprocaccini.com/produit/bracelet-31/,https://www.oprocaccini.com/wp-content/uploads/2021/11/P1010345-1-scaled.jpg; https://www.oprocaccini.com/wp-content/uploads/2021/11/PhotoRoom_20211102_182700.jpg,oprocaccini_export\images\bracelet\bracelet_1.jpg; oprocaccini_export\images\bracelet\bracelet_2.jpg
Bracelet,CHF10.00,Pour un poignet de 18 cm.,"Bijoux, Bracelets",https://www.oprocaccini.com/produit/bracelet-32/,https://www.oprocaccini.com/wp-content/uploads/2021/11/P1010341-scaled.jpg; https://www.oprocaccini.com/wp-content/uploads/2021/11/PhotoRoom_20211102_182759.jpg,oprocaccini_export\images\bracelet\bracelet_1.jpg; oprocaccini_export\images\bracelet\bracelet_2.jpg
Bracelet,CHF10.00,Pour un poignet de 18 cm.,"Bijoux, Bracelets",https://www.oprocaccini.com/produit/bracelet-33/,https://www.oprocaccini.com/wp-content/uploads/2021/11/P1010346-1-scaled.jpg; https://www.oprocaccini.com/wp-content/uploads/2021/11/PhotoRoom_20211102_182927.jpg,oprocaccini_export\images\bracelet\bracelet_1.jpg; oprocaccini_export\images\bracelet\bracelet_2.jpg
Bracelet,CHF10.00,Pour un poignet de 18 cm.,"Bijoux, Bracelets",https://www.oprocaccini.com/produit/bracelet-34/,https://www.oprocaccini.com/wp-content/uploads/2021/11/P1010348-scaled.jpg; https://www.oprocaccini.com/wp-content/uploads/2021/11/PhotoRoom_20211102_183040.jpg,oprocaccini_export\images\bracelet\bracelet_1.jpg; oprocaccini_export\images\bracelet\bracelet_2.jpg
Bracelet,CHF10.00,Diamètre de 20 cm .,"Bijoux, Bracelets",https://www.oprocaccini.com/produit/bracelet-35/,https://www.oprocaccini.com/wp-content/uploads/2021/11/PhotoRoom_20211109_095934.jpg; https://www.oprocaccini.com/wp-content/uploads/2021/11/IMG_0938-rotated.jpg,oprocaccini_export\images\bracelet\bracelet_1.jpg; oprocaccini_export\images\bracelet\bracelet_2.jpg
Bracelet,CHF10.00,Diamètre de 20 cm .,"Bijoux, Bracelets",https://www.oprocaccini.com/produit/bracelet-36/,https://www.oprocaccini.com/wp-content/uploads/2021/11/PhotoRoom_20211109_100000.jpg; https://www.oprocaccini.com/wp-content/uploads/2021/11/IMG_0939-rotated.jpg,oprocaccini_export\images\bracelet\bracelet_1.jpg; oprocaccini_export\images\bracelet\bracelet_2.jpg
Bracelet,CHF10.00,Diamètre de 20 cm .,"Bijoux, Bracelets",https://www.oprocaccini.com/produit/bracelet-37/,https://www.oprocaccini.com/wp-content/uploads/2021/11/PhotoRoom_20211109_100021.jpg; https://www.oprocaccini.com/wp-content/uploads/2021/11/IMG_0940-rotated.jpg,oprocaccini_export\images\bracelet\bracelet_1.jpg; oprocaccini_export\images\bracelet\bracelet_2.jpg
Bracelet,CHF10.00,Diamètre de 20 cm .,"Bijoux, Bracelets",https://www.oprocaccini.com/produit/bracelet-38/,https://www.oprocaccini.com/wp-content/uploads/2021/11/PhotoRoom_20211109_100047.jpg; https://www.oprocaccini.com/wp-content/uploads/2021/11/IMG_0941-rotated.jpg,oprocaccini_export\images\bracelet\bracelet_1.jpg; oprocaccini_export\images\bracelet\bracelet_2.jpg
Bracelet,CHF10.00,Diamètre de 20 cm .,"Bijoux, Bracelets",https://www.oprocaccini.com/produit/bracelet-39/,https://www.oprocaccini.com/wp-content/uploads/2021/11/PhotoRoom_20211109_100131.jpg; https://www.oprocaccini.com/wp-content/uploads/2021/11/IMG_0942-rotated.jpg,oprocaccini_export\images\bracelet\bracelet_1.jpg; oprocaccini_export\images\bracelet\bracelet_2.jpg
Bracelet,CHF10.00,Diamètre de 20 cm .,"Bijoux, Bracelets",https://www.oprocaccini.com/produit/bracelet-40/,https://www.oprocaccini.com/wp-content/uploads/2021/11/PhotoRoom_20211109_100154.jpg; https://www.oprocaccini.com/wp-content/uploads/2021/11/IMG_0943-rotated.jpg,oprocaccini_export\images\bracelet\bracelet_1.jpg; oprocaccini_export\images\bracelet\bracelet_2.jpg
Bracelet,CHF10.00,Diamètre de 20 cm .,"Bijoux, Bracelets",https://www.oprocaccini.com/produit/bracelet-41/,https://www.oprocaccini.com/wp-content/uploads/2021/11/PhotoRoom_20211109_100225.jpg; https://www.oprocaccini.com/wp-content/uploads/2021/11/IMG_0944-rotated.jpg,oprocaccini_export\images\bracelet\bracelet_1.jpg; oprocaccini_export\images\bracelet\bracelet_2.jpg
Bracelet,CHF10.00,Diamètre de 20 cm .,"Bijoux, Bracelets",https://www.oprocaccini.com/produit/bracelet-42/,https://www.oprocaccini.com/wp-content/uploads/2021/11/PhotoRoom_20211109_100545.jpg; https://www.oprocaccini.com/wp-content/uploads/2021/11/IMG_0953.jpg,oprocaccini_export\images\bracelet\bracelet_1.jpg; oprocaccini_export\images\bracelet\bracelet_2.jpg
Bracelet,CHF10.00,Diamètre de 20 cm .,"Bijoux, Bracelets",https://www.oprocaccini.com/produit/bracelet-43/,https://www.oprocaccini.com/wp-content/uploads/2021/11/PhotoRoom_20211109_100605.jpg; https://www.oprocaccini.com/wp-content/uploads/2021/11/IMG_0954-rotated.jpg,oprocaccini_export\images\bracelet\bracelet_1.jpg; oprocaccini_export\images\bracelet\bracelet_2.jpg
Bracelet,CHF10.00,Diamètre de 20 cm .,"Bijoux, Bracelets",https://www.oprocaccini.com/produit/bracelet-44/,https://www.oprocaccini.com/wp-content/uploads/2021/11/PhotoRoom_20211109_100626.jpg; https://www.oprocaccini.com/wp-content/uploads/2021/11/IMG_0955-rotated.jpg,oprocaccini_export\images\bracelet\bracelet_1.jpg; oprocaccini_export\images\bracelet\bracelet_2.jpg
Bracelet,CHF10.00,Diamètre de 20 cm .,"Bijoux, Bracelets",https://www.oprocaccini.com/produit/bracelet-45/,https://www.oprocaccini.com/wp-content/uploads/2021/11/PhotoRoom_20211109_100643.jpg; https://www.oprocaccini.com/wp-content/uploads/2021/11/IMG_0956-rotated.jpg,oprocaccini_export\images\bracelet\bracelet_1.jpg; oprocaccini_export\images\bracelet\bracelet_2.jpg
Bracelet,CHF10.00,Diamètre de 20 cm .,"Bijoux, Bracelets",https://www.oprocaccini.com/produit/bracelet-46/,https://www.oprocaccini.com/wp-content/uploads/2021/11/PhotoRoom_20211109_100702.jpg; https://www.oprocaccini.com/wp-content/uploads/2021/11/IMG_0957-rotated.jpg,oprocaccini_export\images\bracelet\bracelet_1.jpg; oprocaccini_export\images\bracelet\bracelet_2.jpg
Bracelet,CHF10.00,Diamètre de 20 cm .,"Bijoux, Bracelets",https://www.oprocaccini.com/produit/bracelet-47/,https://www.oprocaccini.com/wp-content/uploads/2021/11/PhotoRoom_20211109_100721.jpg; https://www.oprocaccini.com/wp-content/uploads/2021/11/IMG_0958-rotated.jpg,oprocaccini_export\images\bracelet\bracelet_1.jpg; oprocaccini_export\images\bracelet\bracelet_2.jpg
Bracelet,CHF10.00,Diamètre de 20 cm .,"Bijoux, Bracelets",https://www.oprocaccini.com/produit/bracelet-48/,https://www.oprocaccini.com/wp-content/uploads/2021/11/PhotoRoom_20211109_100744.jpg; https://www.oprocaccini.com/wp-content/uploads/2021/11/IMG_0959-rotated.jpg,oprocaccini_export\images\bracelet\bracelet_1.jpg; oprocaccini_export\images\bracelet\bracelet_2.jpg
Bracelet,CHF10.00,Diamètre de 20 cm .,"Bijoux, Bracelets",https://www.oprocaccini.com/produit/bracelet-49/,https://www.oprocaccini.com/wp-content/uploads/2021/11/PhotoRoom_20211109_100801.jpg; https://www.oprocaccini.com/wp-content/uploads/2021/11/IMG_0960-rotated.jpg,oprocaccini_export\images\bracelet\bracelet_1.jpg; oprocaccini_export\images\bracelet\bracelet_2.jpg
Bracelet,CHF10.00,Diamètre de 20 cm .,"Bijoux, Bracelets",https://www.oprocaccini.com/produit/bracelet-50/,https://www.oprocaccini.com/wp-content/uploads/2021/11/PhotoRoom_20211109_100824.jpg; https://www.oprocaccini.com/wp-content/uploads/2021/11/IMG_0961-rotated.jpg,oprocaccini_export\images\bracelet\bracelet_1.jpg; oprocaccini_export\images\bracelet\bracelet_2.jpg
Bracelet,CHF10.00,Diamètre de 20 cm .,"Bijoux, Bracelets",https://www.oprocaccini.com/produit/bracelet-51/,https://www.oprocaccini.com/wp-content/uploads/2021/11/PhotoRoom_20211109_100840.jpg; https://www.oprocaccini.com/wp-content/uploads/2021/11/IMG_0962-rotated.jpg,oprocaccini_export\images\bracelet\bracelet_1.jpg; oprocaccini_export\images\bracelet\bracelet_2.jpg
Bracelet,CHF10.00,Diamètre de 20 cm .,"Bijoux, Bracelets",https://www.oprocaccini.com/produit/bracelet-52/,https://www.oprocaccini.com/wp-content/uploads/2021/11/PhotoRoom_20211109_100900.jpg; https://www.oprocaccini.com/wp-content/uploads/2021/11/IMG_0963-rotated.jpg,oprocaccini_export\images\bracelet\bracelet_1.jpg; oprocaccini_export\images\bracelet\bracelet_2.jpg
Bracelet,CHF10.00,Diamètre de 20 cm .,"Bijoux, Bracelets",https://www.oprocaccini.com/produit/bracelet-53/,https://www.oprocaccini.com/wp-content/uploads/2021/11/PhotoRoom_20211109_100930.jpg; https://www.oprocaccini.com/wp-content/uploads/2021/11/IMG_0964-rotated.jpg,oprocaccini_export\images\bracelet\bracelet_1.jpg; oprocaccini_export\images\bracelet\bracelet_2.jpg
Bracelet,CHF10.00,Diamètre de 20 cm .,"Bijoux, Bracelets",https://www.oprocaccini.com/produit/bracelet-54/,https://www.oprocaccini.com/wp-content/uploads/2021/11/PhotoRoom_20211109_100957.jpg; https://www.oprocaccini.com/wp-content/uploads/2021/11/IMG_0965-rotated.jpg,oprocaccini_export\images\bracelet\bracelet_1.jpg; oprocaccini_export\images\bracelet\bracelet_2.jpg
Bracelet,CHF10.00,Diamètre de 20 cm .,"Bijoux, Bracelets",https://www.oprocaccini.com/produit/bracelet-55/,https://www.oprocaccini.com/wp-content/uploads/2021/11/PhotoRoom_20211109_100445.jpg; https://www.oprocaccini.com/wp-content/uploads/2021/11/IMG_0950-rotated.jpg,oprocaccini_export\images\bracelet\bracelet_1.jpg; oprocaccini_export\images\bracelet\bracelet_2.jpg
Bracelet,CHF10.00,Diamètre de 20 cm .,"Bijoux, Bracelets",https://www.oprocaccini.com/produit/bracelet-56/,https://www.oprocaccini.com/wp-content/uploads/2021/11/PhotoRoom_20211109_100425.jpg; https://www.oprocaccini.com/wp-content/uploads/2021/11/IMG_0949-rotated.jpg,oprocaccini_export\images\bracelet\bracelet_1.jpg; oprocaccini_export\images\bracelet\bracelet_2.jpg
Bracelet,CHF10.00,Diamètre de 20 cm .,"Bijoux, Bracelets",https://www.oprocaccini.com/produit/bracelet-57/,https://www.oprocaccini.com/wp-content/uploads/2021/11/PhotoRoom_20211109_100406.jpg; https://www.oprocaccini.com/wp-content/uploads/2021/11/IMG_0948-rotated.jpg,oprocaccini_export\images\bracelet\bracelet_1.jpg; oprocaccini_export\images\bracelet\bracelet_2.jpg
Bracelet,CHF10.00,Diamètre de 20 cm .,"Bijoux, Bracelets",https://www.oprocaccini.com/produit/bracelet-58/,https://www.oprocaccini.com/wp-content/uploads/2021/11/PhotoRoom_20211109_100254.jpg; https://www.oprocaccini.com/wp-content/uploads/2021/11/IMG_0945-rotated.jpg,oprocaccini_export\images\bracelet\bracelet_1.jpg; oprocaccini_export\images\bracelet\bracelet_2.jpg
Bracelet,CHF10.00,Diamètre de 20 cm .,"Bijoux, Bracelets",https://www.oprocaccini.com/produit/bracelet-59/,https://www.oprocaccini.com/wp-content/uploads/2021/11/PhotoRoom_20211109_100322.jpg; https://www.oprocaccini.com/wp-content/uploads/2021/11/IMG_0946-rotated.jpg,oprocaccini_export\images\bracelet\bracelet_1.jpg; oprocaccini_export\images\bracelet\bracelet_2.jpg
Bracelet,CHF10.00,Diamètre de 20 cm .,"Bijoux, Bracelets",https://www.oprocaccini.com/produit/bracelet-60/,https://www.oprocaccini.com/wp-content/uploads/2021/11/PhotoRoom_20211109_100347.jpg; https://www.oprocaccini.com/wp-content/uploads/2021/11/IMG_0947-rotated.jpg,oprocaccini_export\images\bracelet\bracelet_1.jpg; oprocaccini_export\images\bracelet\bracelet_2.jpg
Bracelet,CHF10.00,Diamètre de 20 cm .,"Bijoux, Bracelets",https://www.oprocaccini.com/produit/bracelet-61/,https://www.oprocaccini.com/wp-content/uploads/2021/11/PhotoRoom_20211109_100509.jpg; https://www.oprocaccini.com/wp-content/uploads/2021/11/IMG_0952-rotated.jpg,oprocaccini_export\images\bracelet\bracelet_1.jpg; oprocaccini_export\images\bracelet\bracelet_2.jpg
Bracelet coquillage,CHF10.00,Bracelet fait main.,"Bijoux, Bracelets",https://www.oprocaccini.com/produit/bracelet-coquillage/,https://www.oprocaccini.com/wp-content/uploads/2021/11/P1010304-1-scaled.jpg; https://www.oprocaccini.com/wp-content/uploads/2021/10/IMG_6900.jpg; https://www.oprocaccini.com/wp-content/uploads/2021/11/P1010305-scaled.jpg,oprocaccini_export\images\bracelet-coquillage\bracelet-coquillage_1.jpg; oprocaccini_export\images\bracelet-coquillage\bracelet-coquillage_2.jpg; oprocaccini_export\images\bracelet-coquillage\bracelet-coquillage_3.jpg
Bracelet coquillage,CHF10.00,Bracelet fait main.,"Bijoux, Bracelets",https://www.oprocaccini.com/produit/bracelet-coquillage-2/,https://www.oprocaccini.com/wp-content/uploads/2021/11/P1010301-scaled.jpg; https://www.oprocaccini.com/wp-content/uploads/2021/10/IMG_6902.jpg; https://www.oprocaccini.com/wp-content/uploads/2021/11/P1010302-scaled.jpg,oprocaccini_export\images\bracelet-coquillage\bracelet-coquillage_1.jpg; oprocaccini_export\images\bracelet-coquillage\bracelet-coquillage_2.jpg; oprocaccini_export\images\bracelet-coquillage\bracelet-coquillage_3.jpg
Bracelet coquillage,CHF10.00,Bracelet fait main.,"Bijoux, Bracelets",https://www.oprocaccini.com/produit/bracelet-coquillage-3/,https://www.oprocaccini.com/wp-content/uploads/2021/11/P1010307-scaled.jpg; https://www.oprocaccini.com/wp-content/uploads/2021/10/IMG_6905.jpg,oprocaccini_export\images\bracelet-coquillage\bracelet-coquillage_1.jpg; oprocaccini_export\images\bracelet-coquillage\bracelet-coquillage_2.jpg
Bracelet coquillage,CHF10.00,Bracelet fait main.,"Bijoux, Bracelets",https://www.oprocaccini.com/produit/bracelet-coquillage-4/,https://www.oprocaccini.com/wp-content/uploads/2021/11/P1010291-scaled.jpg; https://www.oprocaccini.com/wp-content/uploads/2021/10/IMG_6890.jpg; https://www.oprocaccini.com/wp-content/uploads/2021/11/P1010292-scaled.jpg; https://www.oprocaccini.com/wp-content/uploads/2021/11/P1010293-scaled.jpg,oprocaccini_export\images\bracelet-coquillage\bracelet-coquillage_1.jpg; oprocaccini_export\images\bracelet-coquillage\bracelet-coquillage_2.jpg; oprocaccini_export\images\bracelet-coquillage\bracelet-coquillage_3.jpg; oprocaccini_export\images\bracelet-coquillage\bracelet-coquillage_4.jpg
Bracelet coquillage,CHF10.00,Bracelet fait main.,"Bijoux, Bracelets",https://www.oprocaccini.com/produit/bracelet-coquillage-5/,https://www.oprocaccini.com/wp-content/uploads/2021/11/P1010290-scaled.jpg; https://www.oprocaccini.com/wp-content/uploads/2021/10/IMG_6888.jpg; https://www.oprocaccini.com/wp-content/uploads/2021/11/P1010289-scaled.jpg,oprocaccini_export\images\bracelet-coquillage\bracelet-coquillage_1.jpg; oprocaccini_export\images\bracelet-coquillage\bracelet-coquillage_2.jpg; oprocaccini_export\images\bracelet-coquillage\bracelet-coquillage_3.jpg
Bracelet coquillage,CHF10.00,Bracelet fait main.,"Bijoux, Bracelets",https://www.oprocaccini.com/produit/bracelet-coquillage-6/,https://www.oprocaccini.com/wp-content/uploads/2021/11/P1010294-scaled.jpg; https://www.oprocaccini.com/wp-content/uploads/2021/10/IMG_6891.jpg; https://www.oprocaccini.com/wp-content/uploads/2021/11/P1010296-scaled.jpg,oprocaccini_export\images\bracelet-coquillage\bracelet-coquillage_1.jpg; oprocaccini_export\images\bracelet-coquillage\bracelet-coquillage_2.jpg; oprocaccini_export\images\bracelet-coquillage\bracelet-coquillage_3.jpg
Bracelet coquillage,CHF10.00,Bracelet fait main.,"Bijoux, Bracelets",https://www.oprocaccini.com/produit/bracelet-coquillage-7/,https://www.oprocaccini.com/wp-content/uploads/2021/11/P1010298-scaled.jpg; https://www.oprocaccini.com/wp-content/uploads/2021/10/IMG_6885.jpg; https://www.oprocaccini.com/wp-content/uploads/2021/11/P1010300-scaled.jpg,oprocaccini_export\images\bracelet-coquillage\bracelet-coquillage_1.jpg; oprocaccini_export\images\bracelet-coquillage\bracelet-coquillage_2.jpg; oprocaccini_export\images\bracelet-coquillage\bracelet-coquillage_3.jpg
Collier,CHF25.00,Collier fait main.,"Bijoux, Colliers",https://www.oprocaccini.com/produit/collier/,https://www.oprocaccini.com/wp-content/uploads/2022/05/P1010102-scaled.jpg; https://www.oprocaccini.com/wp-content/uploads/2022/05/P1010101-scaled.jpg,oprocaccini_export\images\collier\collier_1.jpg; oprocaccini_export\images\collier\collier_2.jpg
Collier,CHF25.00,Collier fait main.,"Bijoux, Colliers",https://www.oprocaccini.com/produit/collier-2/,https://www.oprocaccini.com/wp-content/uploads/2022/05/P1010108-scaled.jpg; https://www.oprocaccini.com/wp-content/uploads/2022/05/P1010106-scaled.jpg,oprocaccini_export\images\collier\collier_1.jpg; oprocaccini_export\images\collier\collier_2.jpg
Collier,CHF25.00,Collier fait main.,"Bijoux, Colliers",https://www.oprocaccini.com/produit/collier-3/,https://www.oprocaccini.com/wp-content/uploads/2022/05/P1010117-scaled.jpg,oprocaccini_export\images\collier\collier_1.jpg
Collier,CHF25.00,Collier fait main.,"Bijoux, Colliers",https://www.oprocaccini.com/produit/collier-4/,https://www.oprocaccini.com/wp-content/uploads/2022/05/P1010110-scaled.jpg,oprocaccini_export\images\collier\collier_1.jpg
Collier,CHF25.00,Collier fait main.,"Bijoux, Colliers",https://www.oprocaccini.com/produit/collier-5/,https://www.oprocaccini.com/wp-content/uploads/2022/05/P1010112-scaled.jpg,oprocaccini_export\images\collier\collier_1.jpg
Collier,CHF25.00,Collier fait main.,"Bijoux, Colliers",https://www.oprocaccini.com/produit/collier-6/,https://www.oprocaccini.com/wp-content/uploads/2022/05/P1010113-scaled.jpg,oprocaccini_export\images\collier\collier_1.jpg
Collier,CHF25.00,Collier fait main.,"Bijoux, Colliers",https://www.oprocaccini.com/produit/collier-7/,https://www.oprocaccini.com/wp-content/uploads/2022/05/P1010119-scaled.jpg; https://www.oprocaccini.com/wp-content/uploads/2022/05/P1010118-scaled.jpg,oprocaccini_export\images\collier\collier_1.jpg; oprocaccini_export\images\collier\collier_2.jpg
Collier,CHF25.00,Collier fait main.,"Bijoux, Colliers",https://www.oprocaccini.com/produit/collier-8/,https://www.oprocaccini.com/wp-content/uploads/2022/05/P1010114-scaled.jpg; https://www.oprocaccini.com/wp-content/uploads/2022/05/P1010115-scaled.jpg,oprocaccini_export\images\collier\collier_1.jpg; oprocaccini_export\images\collier\collier_2.jpg
Collier coquillage,CHF15.00,Collier fait main.,"Bijoux, Colliers",https://www.oprocaccini.com/produit/collier-coquillage/,https://www.oprocaccini.com/wp-content/uploads/2021/11/P1010223-scaled.jpg; https://www.oprocaccini.com/wp-content/uploads/2021/11/P1010227-scaled.jpg; https://www.oprocaccini.com/wp-content/uploads/2021/11/P1010222-scaled.jpg,oprocaccini_export\images\collier-coquillage\collier-coquillage_1.jpg; oprocaccini_export\images\collier-coquillage\collier-coquillage_2.jpg; oprocaccini_export\images\collier-coquillage\collier-coquillage_3.jpg
Collier coquillage,CHF15.00,Collier fait main.,"Bijoux, Colliers",https://www.oprocaccini.com/produit/collier-coquillage-3/,https://www.oprocaccini.com/wp-content/uploads/2021/11/P1010218-scaled.jpg; https://www.oprocaccini.com/wp-content/uploads/2021/11/P1010229-scaled.jpg; https://www.oprocaccini.com/wp-content/uploads/2021/11/P1010217-scaled.jpg,oprocaccini_export\images\collier-coquillage\collier-coquillage_1.jpg; oprocaccini_export\images\collier-coquillage\collier-coquillage_2.jpg; oprocaccini_export\images\collier-coquillage\collier-coquillage_3.jpg
Collier coquillage,CHF15.00,Collier fait main.,"Bijoux, Colliers",https://www.oprocaccini.com/produit/collier-coquillage-2/,https://www.oprocaccini.com/wp-content/uploads/2021/11/P1010221-scaled.jpg; https://www.oprocaccini.com/wp-content/uploads/2021/11/P1010228-scaled.jpg; https://www.oprocaccini.com/wp-content/uploads/2021/11/P1010220-scaled.jpg,oprocaccini_export\images\collier-coquillage\collier-coquillage_1.jpg; oprocaccini_export\images\collier-coquillage\collier-coquillage_2.jpg; oprocaccini_export\images\collier-coquillage\collier-coquillage_3.jpg
Collier coquillage,CHF15.00,Collier fait main.,"Bijoux, Colliers",https://www.oprocaccini.com/produit/collier-coquillage-4/,https://www.oprocaccini.com/wp-content/uploads/2021/11/P1010234-scaled.jpg; https://www.oprocaccini.com/wp-content/uploads/2021/11/P1010235-scaled.jpg; https://www.oprocaccini.com/wp-content/uploads/2021/11/P1010233-scaled.jpg,oprocaccini_export\images\collier-coquillage\collier-coquillage_1.jpg; oprocaccini_export\images\collier-coquillage\collier-coquillage_2.jpg; oprocaccini_export\images\collier-coquillage\collier-coquillage_3.jpg
Collier coquillage,CHF15.00,Collier fait main.,"Bijoux, Colliers",https://www.oprocaccini.com/produit/collier-coquillage-5/,https://www.oprocaccini.com/wp-content/uploads/2021/11/P1010225-scaled.jpg; https://www.oprocaccini.com/wp-content/uploads/2021/11/P1010226-scaled.jpg; https://www.oprocaccini.com/wp-content/uploads/2021/11/P1010224-scaled.jpg,oprocaccini_export\images\collier-coquillage\collier-coquillage_1.jpg; oprocaccini_export\images\collier-coquillage\collier-coquillage_2.jpg; oprocaccini_export\images\collier-coquillage\collier-coquillage_3.jpg
Collier coquillage,CHF15.00,Collier fait main.,"Bijoux, Colliers",https://www.oprocaccini.com/produit/collier-coquillage-6/,https://www.oprocaccini.com/wp-content/uploads/2021/11/P1010231-scaled.jpg; https://www.oprocaccini.com/wp-content/uploads/2021/11/P1010230-scaled.jpg; https://www.oprocaccini.com/wp-content/uploads/2021/11/P1010232-scaled.jpg,oprocaccini_export\images\collier-coquillage\collier-coquillage_1.jpg; oprocaccini_export\images\collier-coquillage\collier-coquillage_2.jpg; oprocaccini_export\images\collier-coquillage\collier-coquillage_3.jpg
Collier coquillage,CHF10.00,Collier fait main.,"Bijoux, Colliers",https://www.oprocaccini.com/produit/collier-coquillage-7/,https://www.oprocaccini.com/wp-content/uploads/2023/06/P1010385-scaled.jpg; https://www.oprocaccini.com/wp-content/uploads/2023/06/P1010384-scaled.jpg,oprocaccini_export\images\collier-coquillage\collier-coquillage_1.jpg; oprocaccini_export\images\collier-coquillage\collier-coquillage_2.jpg
Collier coquillage,CHF10.00,Collier fait main.,"Bijoux, Colliers",https://www.oprocaccini.com/produit/collier-coquillage-8/,https://www.oprocaccini.com/wp-content/uploads/2023/06/P1010378-scaled.jpg; https://www.oprocaccini.com/wp-content/uploads/2023/06/P1010376-scaled.jpg,oprocaccini_export\images\collier-coquillage\collier-coquillage_1.jpg; oprocaccini_export\images\collier-coquillage\collier-coquillage_2.jpg
Collier coquillage,CHF10.00,Collier fait main.,"Bijoux, Colliers",https://www.oprocaccini.com/produit/collier-coquillage-9/,https://www.oprocaccini.com/wp-content/uploads/2023/06/P1010381-scaled.jpg; https://www.oprocaccini.com/wp-content/uploads/2023/06/P1010380-scaled.jpg,oprocaccini_export\images\collier-coquillage\collier-coquillage_1.jpg; oprocaccini_export\images\collier-coquillage\collier-coquillage_2.jpg
Collier coquillage,CHF10.00,Collier fait main.,"Bijoux, Colliers",https://www.oprocaccini.com/produit/collier-coquillage-10/,https://www.oprocaccini.com/wp-content/uploads/2023/06/P1010379-scaled.jpg; https://www.oprocaccini.com/wp-content/uploads/2023/06/P1010375-scaled.jpg,oprocaccini_export\images\collier-coquillage\collier-coquillage_1.jpg; oprocaccini_export\images\collier-coquillage\collier-coquillage_2.jpg
Collier coquillage,CHF10.00,Collier fait main.,"Bijoux, Colliers",https://www.oprocaccini.com/produit/collier-coquillage-11/,https://www.oprocaccini.com/wp-content/uploads/2023/06/P1010383-scaled.jpg; https://www.oprocaccini.com/wp-content/uploads/2023/06/P1010382-scaled.jpg,oprocaccini_export\images\collier-coquillage\collier-coquillage_1.jpg; oprocaccini_export\images\collier-coquillage\collier-coquillage_2.jpg
Mâlâ (Collier),CHF80.00,"Mâlâ artisanale fait en pâte fimo, les perles sont créés une par une a la main. Un mâlâ est composé de 108 perle. Il est souvent réalisé avec des pierres précieuse ou avec des perles en bois. Il peut être porté en collier et aussi en bracelet.","Bijoux, Colliers",https://www.oprocaccini.com/produit/mala-collier/,https://www.oprocaccini.com/wp-content/uploads/2022/02/PhotoRoom_20220131_113908.jpg; https://www.oprocaccini.com/wp-content/uploads/2022/02/PhotoRoom_20220131_113935.jpg; https://www.oprocaccini.com/wp-content/uploads/2022/02/PhotoRoom_20220131_113915.jpg; https://www.oprocaccini.com/wp-content/uploads/2022/02/PhotoRoom_20220131_114005.jpg,oprocaccini_export\images\mâlâ-collier\mâlâ-collier_1.jpg; oprocaccini_export\images\mâlâ-collier\mâlâ-collier_2.jpg; oprocaccini_export\images\mâlâ-collier\mâlâ-collier_3.jpg; oprocaccini_export\images\mâlâ-collier\mâlâ-collier_4.jpg
Mâlâ (Collier),CHF80.00,"Mâlâ artisanale fait en pâte fimo, les perles sont créés une par une a la main. Un mâlâ est composé de 108 perle. Il est souvent réalisé avec des pierres précieuse ou avec des perles en bois. Il peut être porté en collier et aussi en bracelet.","Bijoux, Colliers",https://www.oprocaccini.com/produit/mala-collier-2/,https://www.oprocaccini.com/wp-content/uploads/2022/02/PhotoRoom_20220131_113255.jpg; https://www.oprocaccini.com/wp-content/uploads/2022/02/PhotoRoom_20220131_113415.jpg; https://www.oprocaccini.com/wp-content/uploads/2022/02/PhotoRoom_20220131_113303.jpg; https://www.oprocaccini.com/wp-content/uploads/2022/02/PhotoRoom_20220131_113355.jpg,oprocaccini_export\images\mâlâ-collier\mâlâ-collier_1.jpg; oprocaccini_export\images\mâlâ-collier\mâlâ-collier_2.jpg; oprocaccini_export\images\mâlâ-collier\mâlâ-collier_3.jpg; oprocaccini_export\images\mâlâ-collier\mâlâ-collier_4.jpg
Mâlâ (Collier),CHF80.00,"Mâlâ artisanale fait en pâte fimo, les perles sont créés une par une a la main. Un mâlâ est composé de 108 perle. Il est souvent réalisé avec des pierres précieuse ou avec des perles en bois. Il peut être porté en collier et aussi en bracelet.","Bijoux, Colliers",https://www.oprocaccini.com/produit/mala-collier-3/,https://www.oprocaccini.com/wp-content/uploads/2022/02/PhotoRoom_20220131_113653.jpg; https://www.oprocaccini.com/wp-content/uploads/2022/02/PhotoRoom_20220131_113723.jpg; https://www.oprocaccini.com/wp-content/uploads/2022/02/PhotoRoom_20220131_113659.jpg; https://www.oprocaccini.com/wp-content/uploads/2022/02/PhotoRoom_20220131_113751.jpg,oprocaccini_export\images\mâlâ-collier\mâlâ-collier_1.jpg; oprocaccini_export\images\mâlâ-collier\mâlâ-collier_2.jpg; oprocaccini_export\images\mâlâ-collier\mâlâ-collier_3.jpg; oprocaccini_export\images\mâlâ-collier\mâlâ-collier_4.jpg
Mâlâ (Collier),CHF80.00,"Mâlâ artisanale fait en pâte fimo, les perles sont créés une par une a la main. Un mâlâ est composé de 108 perle. Il est souvent réalisé avec des pierres précieuse ou avec des perles en bois. Il peut être porté en collier et aussi en bracelet.","Bijoux, Colliers",https://www.oprocaccini.com/produit/mala-collier-4/,https://www.oprocaccini.com/wp-content/uploads/2022/02/PhotoRoom_20220131_113454.jpg; https://www.oprocaccini.com/wp-content/uploads/2022/02/PhotoRoom_20220131_113603.jpg,oprocaccini_export\images\mâlâ-collier\mâlâ-collier_1.jpg; oprocaccini_export\images\mâlâ-collier\mâlâ-collier_2.jpg
Mâlâ (Collier),CHF80.00,"Mâlâ artisanale fait en pâte fimo, les perles sont créés une par une a la main. Un mâlâ est composé de 108 perle. Il est souvent réalisé avec des pierres précieuse ou avec des perles en bois. Il peut être porté en collier et aussi en bracelet.","Bijoux, Colliers",https://www.oprocaccini.com/produit/mala-collier-5/,https://www.oprocaccini.com/wp-content/uploads/2022/02/PhotoRoom_20220131_113814.jpg; https://www.oprocaccini.com/wp-content/uploads/2022/02/PhotoRoom_20220131_113845.jpg; https://www.oprocaccini.com/wp-content/uploads/2022/02/PhotoRoom_20220131_113820.jpg,oprocaccini_export\images\mâlâ-collier\mâlâ-collier_1.jpg; oprocaccini_export\images\mâlâ-collier\mâlâ-collier_2.jpg; oprocaccini_export\images\mâlâ-collier\mâlâ-collier_3.jpg
Bijoux de téléphone,CHF15.00,Porte clef pour téléphone fait main. Il mesure 20 cm à partir du noeud.,"Bijoux, Bijoux de téléphones, Porte Clefs",https://www.oprocaccini.com/produit/bijoux-de-telephone/,https://www.oprocaccini.com/wp-content/uploads/2021/11/P1010201-scaled.jpg; https://www.oprocaccini.com/wp-content/uploads/2021/11/P1010202-scaled.jpg,oprocaccini_export\images\bijoux-de-téléphone\bijoux-de-téléphone_1.jpg; oprocaccini_export\images\bijoux-de-téléphone\bijoux-de-téléphone_2.jpg
Bijoux de téléphone,CHF15.00,Porte clef pour téléphone fait main. Il mesure 20 cm à partir du noeud.,"Bijoux, Bijoux de téléphones, Porte Clefs",https://www.oprocaccini.com/produit/bijoux-de-telephone-2/,https://www.oprocaccini.com/wp-content/uploads/2021/11/P1010204-scaled.jpg; https://www.oprocaccini.com/wp-content/uploads/2021/11/P1010203-scaled.jpg,oprocaccini_export\images\bijoux-de-téléphone\bijoux-de-téléphone_1.jpg; oprocaccini_export\images\bijoux-de-téléphone\bijoux-de-téléphone_2.jpg
Bijoux de téléphone,CHF15.00,Porte clef pour téléphone fait main. Il mesure 20 cm à partir du noeud.,"Bijoux, Bijoux de téléphones, Porte Clefs",https://www.oprocaccini.com/produit/bijoux-de-telephone-3/,https://www.oprocaccini.com/wp-content/uploads/2021/11/P1010208-scaled.jpg; https://www.oprocaccini.com/wp-content/uploads/2021/11/P1010207-scaled.jpg,oprocaccini_export\images\bijoux-de-téléphone\bijoux-de-téléphone_1.jpg; oprocaccini_export\images\bijoux-de-téléphone\bijoux-de-téléphone_2.jpg
Bijoux de téléphone,CHF15.00,Porte clef pour téléphone fait main. Il mesure 20 cm à partir du noeud.,"Bijoux, Bijoux de téléphones, Porte Clefs",https://www.oprocaccini.com/produit/bijoux-de-telephone-4/,https://www.oprocaccini.com/wp-content/uploads/2021/11/P1010210-scaled.jpg; https://www.oprocaccini.com/wp-content/uploads/2021/11/P1010209-scaled.jpg,oprocaccini_export\images\bijoux-de-téléphone\bijoux-de-téléphone_1.jpg; oprocaccini_export\images\bijoux-de-téléphone\bijoux-de-téléphone_2.jpg
Bijoux de téléphone,CHF15.00,Porte clef pour téléphone fait main. Il mesure 20 cm à partir du noeud.,"Bijoux, Bijoux de téléphones, Porte Clefs",https://www.oprocaccini.com/produit/bijoux-de-telephone-5/,https://www.oprocaccini.com/wp-content/uploads/2021/11/P1010206-scaled.jpg; https://www.oprocaccini.com/wp-content/uploads/2021/11/P1010205-scaled.jpg,oprocaccini_export\images\bijoux-de-téléphone\bijoux-de-téléphone_1.jpg; oprocaccini_export\images\bijoux-de-téléphone\bijoux-de-téléphone_2.jpg
Bijoux de téléphone  (Blue),CHF15.00,Porte clef pour téléphone fait main. Il mesure 20 cm à partir du noeud.,"Bijoux, Bijoux de téléphones, Porte Clefs",https://www.oprocaccini.com/produit/bijoux-de-telephone-blue/,https://www.oprocaccini.com/wp-content/uploads/2021/11/P1010242-scaled.jpg; https://www.oprocaccini.com/wp-content/uploads/2021/09/P1000658-1-scaled.jpg; https://www.oprocaccini.com/wp-content/uploads/2021/09/IMG_6085.jpg; https://www.oprocaccini.com/wp-content/uploads/2021/09/IMG_6090.jpg; https://www.oprocaccini.com/wp-content/uploads/2021/11/P1010243-scaled.jpg,oprocaccini_export\images\bijoux-de-téléphone-blue\bijoux-de-téléphone-blue_1.jpg; oprocaccini_export\images\bijoux-de-téléphone-blue\bijoux-de-téléphone-blue_2.jpg; oprocaccini_export\images\bijoux-de-téléphone-blue\bijoux-de-téléphone-blue_3.jpg; oprocaccini_export\images\bijoux-de-téléphone-blue\bijoux-de-téléphone-blue_4.jpg; oprocaccini_export\images\bijoux-de-téléphone-blue\bijoux-de-téléphone-blue_5.jpg
Bijoux de téléphone  (Gris blanc),CHF15.00,Porte clef pour téléphone fait main. Il mesure 16 cm à partir du noeud.,"Bijoux, Bijoux de téléphones, Porte Clefs",https://www.oprocaccini.com/produit/bijoux-de-telephone-gris-blanc/,https://www.oprocaccini.com/wp-content/uploads/2021/11/P1010241-scaled.jpg; https://www.oprocaccini.com/wp-content/uploads/2021/09/P1000656-1-scaled.jpg; https://www.oprocaccini.com/wp-content/uploads/2021/09/IMG_7906.jpg; https://www.oprocaccini.com/wp-content/uploads/2021/09/IMG_7905.jpg; https://www.oprocaccini.com/wp-content/uploads/2021/11/P1010240-scaled.jpg,oprocaccini_export\images\bijoux-de-téléphone-gris-blanc\bijoux-de-téléphone-gris-blanc_1.jpg; oprocaccini_export\images\bijoux-de-téléphone-gris-blanc\bijoux-de-téléphone-gris-blanc_2.jpg; oprocaccini_export\images\bijoux-de-téléphone-gris-blanc\bijoux-de-téléphone-gris-blanc_3.jpg; oprocaccini_export\images\bijoux-de-téléphone-gris-blanc\bijoux-de-téléphone-gris-blanc_4.jpg; oprocaccini_export\images\bijoux-de-téléphone-gris-blanc\bijoux-de-téléphone-gris-blanc_5.jpg
Bijoux de téléphone  (Jaune perle),CHF15.00,Porte clef pour téléphone fait main. Il mesure 20 cm à partir du noeud.,"Bijoux, Bijoux de téléphones, Porte Clefs",https://www.oprocaccini.com/produit/bijoux-de-telephone-jaune-perle/,https://www.oprocaccini.com/wp-content/uploads/2021/11/P1010238-scaled.jpg; https://www.oprocaccini.com/wp-content/uploads/2021/09/P1000661-1-scaled.jpg; https://www.oprocaccini.com/wp-content/uploads/2021/09/IMG_7918.jpg; https://www.oprocaccini.com/wp-content/uploads/2021/09/IMG_7916.jpg; https://www.oprocaccini.com/wp-content/uploads/2021/11/P1010239-scaled.jpg,oprocaccini_export\images\bijoux-de-téléphone-jaune-perle\bijoux-de-téléphone-jaune-perle_1.jpg; oprocaccini_export\images\bijoux-de-téléphone-jaune-perle\bijoux-de-téléphone-jaune-perle_2.jpg; oprocaccini_export\images\bijoux-de-téléphone-jaune-perle\bijoux-de-téléphone-jaune-perle_3.jpg; oprocaccini_export\images\bijoux-de-téléphone-jaune-perle\bijoux-de-téléphone-jaune-perle_4.jpg; oprocaccini_export\images\bijoux-de-téléphone-jaune-perle\bijoux-de-téléphone-jaune-perle_5.jpg
Bijoux de téléphone  (Purple),CHF15.00,Porte clef pour téléphone fait main. Il mesure 20 cm à partir du noeud.,"Bijoux, Bijoux de téléphones, Porte Clefs",https://www.oprocaccini.com/produit/bijoux-de-telephone-purple/,https://www.oprocaccini.com/wp-content/uploads/2021/11/P1010249-scaled.jpg; https://www.oprocaccini.com/wp-content/uploads/2021/09/P1000659-1-scaled.jpg; https://www.oprocaccini.com/wp-content/uploads/2021/09/IMG_6088.jpg; https://www.oprocaccini.com/wp-content/uploads/2021/09/IMG_6096.jpg; https://www.oprocaccini.com/wp-content/uploads/2021/11/P1010248-scaled.jpg,oprocaccini_export\images\bijoux-de-téléphone-purple\bijoux-de-téléphone-purple_1.jpg; oprocaccini_export\images\bijoux-de-téléphone-purple\bijoux-de-téléphone-purple_2.jpg; oprocaccini_export\images\bijoux-de-téléphone-purple\bijoux-de-téléphone-purple_3.jpg; oprocaccini_export\images\bijoux-de-téléphone-purple\bijoux-de-téléphone-purple_4.jpg; oprocaccini_export\images\bijoux-de-téléphone-purple\bijoux-de-téléphone-purple_5.jpg
Bijoux de téléphone (Bleu azzurro),CHF15.00,Porte clef pour téléphone fait main. Il mesure 17 cm à partir du noeud.,"Bijoux, Bijoux de téléphones, Porte Clefs",https://www.oprocaccini.com/produit/bijoux-de-telephone-bleu-azzurro/,https://www.oprocaccini.com/wp-content/uploads/2021/11/P1010246-scaled.jpg; https://www.oprocaccini.com/wp-content/uploads/2021/09/P1000655-1-scaled.jpg; https://www.oprocaccini.com/wp-content/uploads/2021/09/IMG_7927.jpg; https://www.oprocaccini.com/wp-content/uploads/2021/09/IMG_7926.jpg; https://www.oprocaccini.com/wp-content/uploads/2021/11/P1010247-scaled.jpg,oprocaccini_export\images\bijoux-de-téléphone-bleu-azzurro\bijoux-de-téléphone-bleu-azzurro_1.jpg; oprocaccini_export\images\bijoux-de-téléphone-bleu-azzurro\bijoux-de-téléphone-bleu-azzurro_2.jpg; oprocaccini_export\images\bijoux-de-téléphone-bleu-azzurro\bijoux-de-téléphone-bleu-azzurro_3.jpg; oprocaccini_export\images\bijoux-de-téléphone-bleu-azzurro\bijoux-de-téléphone-bleu-azzurro_4.jpg; oprocaccini_export\images\bijoux-de-téléphone-bleu-azzurro\bijoux-de-téléphone-bleu-azzurro_5.jpg
Bijoux de téléphone (Bleu perle),CHF15.00,Porte clef pour téléphone fait main. Il mesure 20 cm à partir du noeud.,"Bijoux, Bijoux de téléphones, Porte Clefs",https://www.oprocaccini.com/produit/bijoux-de-telephone-bleu-perle/,https://www.oprocaccini.com/wp-content/uploads/2021/11/P1010245-scaled.jpg; https://www.oprocaccini.com/wp-content/uploads/2021/09/P1000660-1-scaled.jpg; https://www.oprocaccini.com/wp-content/uploads/2021/09/IMG_7914.jpg; https://www.oprocaccini.com/wp-content/uploads/2021/09/IMG_7913.jpg; https://www.oprocaccini.com/wp-content/uploads/2021/11/P1010244-scaled.jpg,oprocaccini_export\images\bijoux-de-téléphone-bleu-perle\bijoux-de-téléphone-bleu-perle_1.jpg; oprocaccini_export\images\bijoux-de-téléphone-bleu-perle\bijoux-de-téléphone-bleu-perle_2.jpg; oprocaccini_export\images\bijoux-de-téléphone-bleu-perle\bijoux-de-téléphone-bleu-perle_3.jpg; oprocaccini_export\images\bijoux-de-téléphone-bleu-perle\bijoux-de-téléphone-bleu-perle_4.jpg; oprocaccini_export\images\bijoux-de-téléphone-bleu-perle\bijoux-de-téléphone-bleu-perle_5.jpg
Bijoux de téléphone (Rose perle),CHF15.00,Porte clef pour téléphone fait main. Il mesure 20 cm à partir du noeud.,"Bijoux, Bijoux de téléphones, Porte Clefs",https://www.oprocaccini.com/produit/bijoux-de-telephone-rose-perle/,https://www.oprocaccini.com/wp-content/uploads/2021/09/P1000675-1-scaled.jpg; https://www.oprocaccini.com/wp-content/uploads/2021/09/P1000663-1-scaled.jpg; https://www.oprocaccini.com/wp-content/uploads/2021/09/IMG_7909.jpg; https://www.oprocaccini.com/wp-content/uploads/2021/09/IMG_7908.jpg,oprocaccini_export\images\bijoux-de-téléphone-rose-perle\bijoux-de-téléphone-rose-perle_1.jpg; oprocaccini_export\images\bijoux-de-téléphone-rose-perle\bijoux-de-téléphone-rose-perle_2.jpg; oprocaccini_export\images\bijoux-de-téléphone-rose-perle\bijoux-de-téléphone-rose-perle_3.jpg; oprocaccini_export\images\bijoux-de-téléphone-rose-perle\bijoux-de-téléphone-rose-perle_4.jpg
Bijoux de téléphone (Vert perle),CHF15.00,Porte clef pour téléphone fait main. Il mesure 20 cm à partir du noeud.,"Bijoux, Bijoux de téléphones, Porte Clefs",https://www.oprocaccini.com/produit/bijoux-de-telephone-vert-perle/,https://www.oprocaccini.com/wp-content/uploads/2021/11/P1010250-scaled.jpg; https://www.oprocaccini.com/wp-content/uploads/2021/09/P1000662-1-scaled.jpg; https://www.oprocaccini.com/wp-content/uploads/2021/09/IMG_7921.jpg; https://www.oprocaccini.com/wp-content/uploads/2021/09/IMG_7920.jpg; https://www.oprocaccini.com/wp-content/uploads/2021/11/P1010251-scaled.jpg,oprocaccini_export\images\bijoux-de-téléphone-vert-perle\bijoux-de-téléphone-vert-perle_1.jpg; oprocaccini_export\images\bijoux-de-téléphone-vert-perle\bijoux-de-téléphone-vert-perle_2.jpg; oprocaccini_export\images\bijoux-de-téléphone-vert-perle\bijoux-de-téléphone-vert-perle_3.jpg; oprocaccini_export\images\bijoux-de-téléphone-vert-perle\bijoux-de-téléphone-vert-perle_4.jpg; oprocaccini_export\images\bijoux-de-téléphone-vert-perle\bijoux-de-téléphone-vert-perle_5.jpg
Porte clef,CHF10.00,,"Bijoux, Porte Clefs",https://www.oprocaccini.com/produit/porte-clef/,https://www.oprocaccini.com/wp-content/uploads/2021/11/P1000880-scaled.jpg; https://www.oprocaccini.com/wp-content/uploads/2021/11/P1000854-scaled.jpg; https://www.oprocaccini.com/wp-content/uploads/2021/11/P1000853-scaled.jpg,oprocaccini_export\images\porte-clef\porte-clef_1.jpg; oprocaccini_export\images\porte-clef\porte-clef_2.jpg; oprocaccini_export\images\porte-clef\porte-clef_3.jpg
Porte clef,CHF10.00,,"Bijoux, Porte Clefs",https://www.oprocaccini.com/produit/porte-clef-2/,https://www.oprocaccini.com/wp-content/uploads/2021/11/P1000872-scaled.jpg; https://www.oprocaccini.com/wp-content/uploads/2021/11/P1000851-scaled.jpg; https://www.oprocaccini.com/wp-content/uploads/2021/11/P1000852-scaled.jpg,oprocaccini_export\images\porte-clef\porte-clef_1.jpg; oprocaccini_export\images\porte-clef\porte-clef_2.jpg; oprocaccini_export\images\porte-clef\porte-clef_3.jpg
Porte clef,CHF10.00,,"Bijoux, Porte Clefs",https://www.oprocaccini.com/produit/porte-clef-3/,https://www.oprocaccini.com/wp-content/uploads/2021/11/P1000876-scaled.jpg; https://www.oprocaccini.com/wp-content/uploads/2021/11/P1000859-scaled.jpg; https://www.oprocaccini.com/wp-content/uploads/2021/11/P1000860-scaled.jpg,oprocaccini_export\images\porte-clef\porte-clef_1.jpg; oprocaccini_export\images\porte-clef\porte-clef_2.jpg; oprocaccini_export\images\porte-clef\porte-clef_3.jpg
Porte clef,CHF10.00,,"Bijoux, Porte Clefs",https://www.oprocaccini.com/produit/porte-clef-4/,https://www.oprocaccini.com/wp-content/uploads/2021/11/P1000867-scaled.jpg; https://www.oprocaccini.com/wp-content/uploads/2021/11/P1000855-scaled.jpg; https://www.oprocaccini.com/wp-content/uploads/2021/11/P1000856-scaled.jpg,oprocaccini_export\images\porte-clef\porte-clef_1.jpg; oprocaccini_export\images\porte-clef\porte-clef_2.jpg; oprocaccini_export\images\porte-clef\porte-clef_3.jpg
Porte clef,CHF10.00,,"Bijoux, Porte Clefs",https://www.oprocaccini.com/produit/porte-clef-5/,https://www.oprocaccini.com/wp-content/uploads/2021/11/P1000877-scaled.jpg; https://www.oprocaccini.com/wp-content/uploads/2021/11/P1000840-scaled.jpg; https://www.oprocaccini.com/wp-content/uploads/2021/11/P1000841-scaled.jpg,oprocaccini_export\images\porte-clef\porte-clef_1.jpg; oprocaccini_export\images\porte-clef\porte-clef_2.jpg; oprocaccini_export\images\porte-clef\porte-clef_3.jpg
Porte clef,CHF10.00,,"Bijoux, Porte Clefs",https://www.oprocaccini.com/produit/porte-clef-6/,https://www.oprocaccini.com/wp-content/uploads/2021/11/P1000881-scaled.jpg; https://www.oprocaccini.com/wp-content/uploads/2021/11/P1000848-scaled.jpg; https://www.oprocaccini.com/wp-content/uploads/2021/11/P1000845-scaled.jpg,oprocaccini_export\images\porte-clef\porte-clef_1.jpg; oprocaccini_export\images\porte-clef\porte-clef_2.jpg; oprocaccini_export\images\porte-clef\porte-clef_3.jpg
Porte clef,CHF10.00,,"Bijoux, Porte Clefs",https://www.oprocaccini.com/produit/porte-clef-7/,https://www.oprocaccini.com/wp-content/uploads/2021/11/P1000875-scaled.jpg; https://www.oprocaccini.com/wp-content/uploads/2021/11/P1000863-scaled.jpg; https://www.oprocaccini.com/wp-content/uploads/2021/11/P1000864-scaled.jpg,oprocaccini_export\images\porte-clef\porte-clef_1.jpg; oprocaccini_export\images\porte-clef\porte-clef_2.jpg; oprocaccini_export\images\porte-clef\porte-clef_3.jpg
Porte clef,CHF10.00,,"Bijoux, Porte Clefs",https://www.oprocaccini.com/produit/porte-clef-8/,https://www.oprocaccini.com/wp-content/uploads/2021/11/P1000874-scaled.jpg; https://www.oprocaccini.com/wp-content/uploads/2021/11/P1000843-scaled.jpg; https://www.oprocaccini.com/wp-content/uploads/2021/11/P1000844-scaled.jpg,oprocaccini_export\images\porte-clef\porte-clef_1.jpg; oprocaccini_export\images\porte-clef\porte-clef_2.jpg; oprocaccini_export\images\porte-clef\porte-clef_3.jpg
Porte clef,CHF10.00,,"Bijoux, Porte Clefs",https://www.oprocaccini.com/produit/porte-clef-9/,https://www.oprocaccini.com/wp-content/uploads/2021/11/P1000873-scaled.jpg; https://www.oprocaccini.com/wp-content/uploads/2021/11/P1000858-scaled.jpg; https://www.oprocaccini.com/wp-content/uploads/2021/11/P1000857-scaled.jpg,oprocaccini_export\images\porte-clef\porte-clef_1.jpg; oprocaccini_export\images\porte-clef\porte-clef_2.jpg; oprocaccini_export\images\porte-clef\porte-clef_3.jpg
Porte clef Blue,CHF5.00,Porte clef en bois.,"Bijoux, Porte Clefs",https://www.oprocaccini.com/produit/porte-clef-blue/,https://www.oprocaccini.com/wp-content/uploads/2021/11/P1000882-scaled.jpg; https://www.oprocaccini.com/wp-content/uploads/2021/11/P1000902-scaled.jpg,oprocaccini_export\images\porte-clef-blue\porte-clef-blue_1.jpg; oprocaccini_export\images\porte-clef-blue\porte-clef-blue_2.jpg
Porte clef en coeur,CHF15.00,Porte clef en coeur doux.,"Bijoux, Porte Clefs",https://www.oprocaccini.com/produit/porte-clef-en-coeur/,https://www.oprocaccini.com/wp-content/uploads/2021/11/P1000831-scaled.jpg; https://www.oprocaccini.com/wp-content/uploads/2021/11/P1000832-1-scaled.jpg; https://www.oprocaccini.com/wp-content/uploads/2021/11/P1000833-scaled.jpg,oprocaccini_export\images\porte-clef-en-coeur\porte-clef-en-coeur_1.jpg; oprocaccini_export\images\porte-clef-en-coeur\porte-clef-en-coeur_2.jpg; oprocaccini_export\images\porte-clef-en-coeur\porte-clef-en-coeur_3.jpg
Porte clef en coeur,CHF15.00,Porte clef en coeur doux.,"Bijoux, Porte Clefs",https://www.oprocaccini.com/produit/porte-clef-en-coeur-2/,https://www.oprocaccini.com/wp-content/uploads/2021/11/P1000830-scaled.jpg; https://www.oprocaccini.com/wp-content/uploads/2021/11/P1000829-scaled.jpg; https://www.oprocaccini.com/wp-content/uploads/2021/11/P1000834-scaled.jpg,oprocaccini_export\images\porte-clef-en-coeur\porte-clef-en-coeur_1.jpg; oprocaccini_export\images\porte-clef-en-coeur\porte-clef-en-coeur_2.jpg; oprocaccini_export\images\porte-clef-en-coeur\porte-clef-en-coeur_3.jpg
Porte clef Green,CHF5.00,Porte clef en bois.,"Bijoux, Porte Clefs",https://www.oprocaccini.com/produit/porte-clef-green/,https://www.oprocaccini.com/wp-content/uploads/2021/11/P1000887-scaled.jpg; https://www.oprocaccini.com/wp-content/uploads/2021/11/P1000903-scaled.jpg,oprocaccini_export\images\porte-clef-green\porte-clef-green_1.jpg; oprocaccini_export\images\porte-clef-green\porte-clef-green_2.jpg
Porte clef Orange,CHF5.00,Porte clef en bois.,"Bijoux, Porte Clefs",https://www.oprocaccini.com/produit/porte-clef-orange/,https://www.oprocaccini.com/wp-content/uploads/2021/11/P1000889-scaled.jpg; https://www.oprocaccini.com/wp-content/uploads/2021/11/P1000897-scaled.jpg,oprocaccini_export\images\porte-clef-orange\porte-clef-orange_1.jpg; oprocaccini_export\images\porte-clef-orange\porte-clef-orange_2.jpg
Porte clef Pink,CHF5.00,Porte clef en bois.,"Bijoux, Porte Clefs",https://www.oprocaccini.com/produit/porte-clef-rose/,https://www.oprocaccini.com/wp-content/uploads/2021/11/P1000888-scaled.jpg; https://www.oprocaccini.com/wp-content/uploads/2021/11/P1000896-scaled.jpg,oprocaccini_export\images\porte-clef-pink\porte-clef-pink_1.jpg; oprocaccini_export\images\porte-clef-pink\porte-clef-pink_2.jpg
Porte clef Purple,CHF5.00,Porte clef en bois.,"Bijoux, Porte Clefs",https://www.oprocaccini.com/produit/porte-clef-purple/,https://www.oprocaccini.com/wp-content/uploads/2021/11/P1000886-scaled.jpg; https://www.oprocaccini.com/wp-content/uploads/2021/11/P1000899-scaled.jpg,oprocaccini_export\images\porte-clef-purple\porte-clef-purple_1.jpg; oprocaccini_export\images\porte-clef-purple\porte-clef-purple_2.jpg
Porte clef Yellow,CHF5.00,Porte clef en bois.,"Bijoux, Porte Clefs",https://www.oprocaccini.com/produit/porte-clef-yellow/,https://www.oprocaccini.com/wp-content/uploads/2021/11/P1000885-scaled.jpg; https://www.oprocaccini.com/wp-content/uploads/2021/11/P1000898-scaled.jpg,oprocaccini_export\images\porte-clef-yellow\porte-clef-yellow_1.jpg; oprocaccini_export\images\porte-clef-yellow\porte-clef-yellow_2.jpg
